date,year,quarter,year_quarter,month,month_name,iso_week,week_start,weekday,is_weekend,day_of_month,days_in_month,promo_event,promo_volume_multiplier,is_actual,data_scenario
2024-01-01,2024,Q1,2024-Q1,2024-01,Jan,1,2024-01-01,Mon,False,1,31,New Year Sale,1.3,True,Actual
2024-01-02,2024,Q1,2024-Q1,2024-01,Jan,1,2024-01-01,Tue,False,2,31,New Year Sale,1.3,True,Actual
2024-01-03,2024,Q1,2024-Q1,2024-01,Jan,1,2024-01-01,Wed,False,3,31,New Year Sale,1.3,True,Actual
2024-01-04,2024,Q1,2024-Q1,2024-01,Jan,1,2024-01-01,Thu,False,4,31,New Year Sale,1.3,True,Actual
2024-01-05,2024,Q1,2024-Q1,2024-01,Jan,1,2024-01-01,Fri,False,5,31,New Year Sale,1.3,True,Actual
2024-01-06,2024,Q1,2024-Q1,2024-01,Jan,1,2024-01-01,Sat,True,6,31,New Year Sale,1.3,True,Actual
2024-01-07,2024,Q1,2024-Q1,2024-01,Jan,1,2024-01-01,Sun,True,7,31,,1.0,True,Actual
2024-01-08,2024,Q1,2024-Q1,2024-01,Jan,2,2024-01-08,Mon,False,8,31,,1.0,True,Actual
2024-01-09,2024,Q1,2024-Q1,2024-01,Jan,2,2024-01-08,Tue,False,9,31,,1.0,True,Actual
2024-01-10,2024,Q1,2024-Q1,2024-01,Jan,2,2024-01-08,Wed,False,10,31,,1.0,True,Actual
2024-01-11,2024,Q1,2024-Q1,2024-01,Jan,2,2024-01-08,Thu,False,11,31,,1.0,True,Actual
2024-01-12,2024,Q1,2024-Q1,2024-01,Jan,2,2024-01-08,Fri,False,12,31,,1.0,True,Actual
2024-01-13,2024,Q1,2024-Q1,2024-01,Jan,2,2024-01-08,Sat,True,13,31,,1.0,True,Actual
2024-01-14,2024,Q1,2024-Q1,2024-01,Jan,2,2024-01-08,Sun,True,14,31,,1.0,True,Actual
2024-01-15,2024,Q1,2024-Q1,2024-01,Jan,3,2024-01-15,Mon,False,15,31,,1.0,True,Actual
2024-01-16,2024,Q1,2024-Q1,2024-01,Jan,3,2024-01-15,Tue,False,16,31,,1.0,True,Actual
2024-01-17,2024,Q1,2024-Q1,2024-01,Jan,3,2024-01-15,Wed,False,17,31,,1.0,True,Actual
2024-01-18,2024,Q1,2024-Q1,2024-01,Jan,3,2024-01-15,Thu,False,18,31,,1.0,True,Actual
2024-01-19,2024,Q1,2024-Q1,2024-01,Jan,3,2024-01-15,Fri,False,19,31,,1.0,True,Actual
2024-01-20,2024,Q1,2024-Q1,2024-01,Jan,3,2024-01-15,Sat,True,20,31,,1.0,True,Actual
2024-01-21,2024,Q1,2024-Q1,2024-01,Jan,3,2024-01-15,Sun,True,21,31,,1.0,True,Actual
2024-01-22,2024,Q1,2024-Q1,2024-01,Jan,4,2024-01-22,Mon,False,22,31,,1.0,True,Actual
2024-01-23,2024,Q1,2024-Q1,2024-01,Jan,4,2024-01-22,Tue,False,23,31,,1.0,True,Actual
2024-01-24,2024,Q1,2024-Q1,2024-01,Jan,4,2024-01-22,Wed,False,24,31,,1.0,True,Actual
2024-01-25,2024,Q1,2024-Q1,2024-01,Jan,4,2024-01-22,Thu,False,25,31,,1.0,True,Actual
2024-01-26,2024,Q1,2024-Q1,2024-01,Jan,4,2024-01-22,Fri,False,26,31,,1.0,True,Actual
2024-01-27,2024,Q1,2024-Q1,2024-01,Jan,4,2024-01-22,Sat,True,27,31,,1.0,True,Actual
2024-01-28,2024,Q1,2024-Q1,2024-01,Jan,4,2024-01-22,Sun,True,28,31,,1.0,True,Actual
2024-01-29,2024,Q1,2024-Q1,2024-01,Jan,5,2024-01-29,Mon,False,29,31,,1.0,True,Actual
2024-01-30,2024,Q1,2024-Q1,2024-01,Jan,5,2024-01-29,Tue,False,30,31,,1.0,True,Actual
2024-01-31,2024,Q1,2024-Q1,2024-01,Jan,5,2024-01-29,Wed,False,31,31,,1.0,True,Actual
2024-02-01,2024,Q1,2024-Q1,2024-02,Feb,5,2024-01-29,Thu,False,1,29,,1.0,True,Actual
2024-02-02,2024,Q1,2024-Q1,2024-02,Feb,5,2024-01-29,Fri,False,2,29,,1.0,True,Actual
2024-02-03,2024,Q1,2024-Q1,2024-02,Feb,5,2024-01-29,Sat,True,3,29,,1.0,True,Actual
2024-02-04,2024,Q1,2024-Q1,2024-02,Feb,5,2024-01-29,Sun,True,4,29,,1.0,True,Actual
2024-02-05,2024,Q1,2024-Q1,2024-02,Feb,6,2024-02-05,Mon,False,5,29,,1.0,True,Actual
2024-02-06,2024,Q1,2024-Q1,2024-02,Feb,6,2024-02-05,Tue,False,6,29,,1.0,True,Actual
2024-02-07,2024,Q1,2024-Q1,2024-02,Feb,6,2024-02-05,Wed,False,7,29,Valentine's Sale,1.4,True,Actual
2024-02-08,2024,Q1,2024-Q1,2024-02,Feb,6,2024-02-05,Thu,False,8,29,Valentine's Sale,1.4,True,Actual
2024-02-09,2024,Q1,2024-Q1,2024-02,Feb,6,2024-02-05,Fri,False,9,29,Valentine's Sale,1.4,True,Actual
2024-02-10,2024,Q1,2024-Q1,2024-02,Feb,6,2024-02-05,Sat,True,10,29,Valentine's Sale,1.4,True,Actual
2024-02-11,2024,Q1,2024-Q1,2024-02,Feb,6,2024-02-05,Sun,True,11,29,Valentine's Sale,1.4,True,Actual
2024-02-12,2024,Q1,2024-Q1,2024-02,Feb,7,2024-02-12,Mon,False,12,29,Valentine's Sale,1.4,True,Actual
2024-02-13,2024,Q1,2024-Q1,2024-02,Feb,7,2024-02-12,Tue,False,13,29,Valentine's Sale,1.4,True,Actual
2024-02-14,2024,Q1,2024-Q1,2024-02,Feb,7,2024-02-12,Wed,False,14,29,Valentine's Sale,1.4,True,Actual
2024-02-15,2024,Q1,2024-Q1,2024-02,Feb,7,2024-02-12,Thu,False,15,29,Valentine's Sale,1.4,True,Actual
2024-02-16,2024,Q1,2024-Q1,2024-02,Feb,7,2024-02-12,Fri,False,16,29,,1.0,True,Actual
2024-02-17,2024,Q1,2024-Q1,2024-02,Feb,7,2024-02-12,Sat,True,17,29,,1.0,True,Actual
2024-02-18,2024,Q1,2024-Q1,2024-02,Feb,7,2024-02-12,Sun,True,18,29,,1.0,True,Actual
2024-02-19,2024,Q1,2024-Q1,2024-02,Feb,8,2024-02-19,Mon,False,19,29,,1.0,True,Actual
2024-02-20,2024,Q1,2024-Q1,2024-02,Feb,8,2024-02-19,Tue,False,20,29,,1.0,True,Actual
2024-02-21,2024,Q1,2024-Q1,2024-02,Feb,8,2024-02-19,Wed,False,21,29,,1.0,True,Actual
2024-02-22,2024,Q1,2024-Q1,2024-02,Feb,8,2024-02-19,Thu,False,22,29,,1.0,True,Actual
2024-02-23,2024,Q1,2024-Q1,2024-02,Feb,8,2024-02-19,Fri,False,23,29,,1.0,True,Actual
2024-02-24,2024,Q1,2024-Q1,2024-02,Feb,8,2024-02-19,Sat,True,24,29,,1.0,True,Actual
2024-02-25,2024,Q1,2024-Q1,2024-02,Feb,8,2024-02-19,Sun,True,25,29,,1.0,True,Actual
2024-02-26,2024,Q1,2024-Q1,2024-02,Feb,9,2024-02-26,Mon,False,26,29,,1.0,True,Actual
2024-02-27,2024,Q1,2024-Q1,2024-02,Feb,9,2024-02-26,Tue,False,27,29,,1.0,True,Actual
2024-02-28,2024,Q1,2024-Q1,2024-02,Feb,9,2024-02-26,Wed,False,28,29,,1.0,True,Actual
2024-02-29,2024,Q1,2024-Q1,2024-02,Feb,9,2024-02-26,Thu,False,29,29,,1.0,True,Actual
2024-03-01,2024,Q1,2024-Q1,2024-03,Mar,9,2024-02-26,Fri,False,1,31,,1.0,True,Actual
2024-03-02,2024,Q1,2024-Q1,2024-03,Mar,9,2024-02-26,Sat,True,2,31,,1.0,True,Actual
2024-03-03,2024,Q1,2024-Q1,2024-03,Mar,9,2024-02-26,Sun,True,3,31,,1.0,True,Actual
2024-03-04,2024,Q1,2024-Q1,2024-03,Mar,10,2024-03-04,Mon,False,4,31,,1.0,True,Actual
2024-03-05,2024,Q1,2024-Q1,2024-03,Mar,10,2024-03-04,Tue,False,5,31,,1.0,True,Actual
2024-03-06,2024,Q1,2024-Q1,2024-03,Mar,10,2024-03-04,Wed,False,6,31,,1.0,True,Actual
2024-03-07,2024,Q1,2024-Q1,2024-03,Mar,10,2024-03-04,Thu,False,7,31,,1.0,True,Actual
2024-03-08,2024,Q1,2024-Q1,2024-03,Mar,10,2024-03-04,Fri,False,8,31,,1.0,True,Actual
2024-03-09,2024,Q1,2024-Q1,2024-03,Mar,10,2024-03-04,Sat,True,9,31,,1.0,True,Actual
2024-03-10,2024,Q1,2024-Q1,2024-03,Mar,10,2024-03-04,Sun,True,10,31,,1.0,True,Actual
2024-03-11,2024,Q1,2024-Q1,2024-03,Mar,11,2024-03-11,Mon,False,11,31,,1.0,True,Actual
2024-03-12,2024,Q1,2024-Q1,2024-03,Mar,11,2024-03-11,Tue,False,12,31,,1.0,True,Actual
2024-03-13,2024,Q1,2024-Q1,2024-03,Mar,11,2024-03-11,Wed,False,13,31,,1.0,True,Actual
2024-03-14,2024,Q1,2024-Q1,2024-03,Mar,11,2024-03-11,Thu,False,14,31,,1.0,True,Actual
2024-03-15,2024,Q1,2024-Q1,2024-03,Mar,11,2024-03-11,Fri,False,15,31,,1.0,True,Actual
2024-03-16,2024,Q1,2024-Q1,2024-03,Mar,11,2024-03-11,Sat,True,16,31,,1.0,True,Actual
2024-03-17,2024,Q1,2024-Q1,2024-03,Mar,11,2024-03-11,Sun,True,17,31,,1.0,True,Actual
2024-03-18,2024,Q1,2024-Q1,2024-03,Mar,12,2024-03-18,Mon,False,18,31,,1.0,True,Actual
2024-03-19,2024,Q1,2024-Q1,2024-03,Mar,12,2024-03-18,Tue,False,19,31,,1.0,True,Actual
2024-03-20,2024,Q1,2024-Q1,2024-03,Mar,12,2024-03-18,Wed,False,20,31,,1.0,True,Actual
2024-03-21,2024,Q1,2024-Q1,2024-03,Mar,12,2024-03-18,Thu,False,21,31,,1.0,True,Actual
2024-03-22,2024,Q1,2024-Q1,2024-03,Mar,12,2024-03-18,Fri,False,22,31,,1.0,True,Actual
2024-03-23,2024,Q1,2024-Q1,2024-03,Mar,12,2024-03-18,Sat,True,23,31,,1.0,True,Actual
2024-03-24,2024,Q1,2024-Q1,2024-03,Mar,12,2024-03-18,Sun,True,24,31,,1.0,True,Actual
2024-03-25,2024,Q1,2024-Q1,2024-03,Mar,13,2024-03-25,Mon,False,25,31,,1.0,True,Actual
2024-03-26,2024,Q1,2024-Q1,2024-03,Mar,13,2024-03-25,Tue,False,26,31,,1.0,True,Actual
2024-03-27,2024,Q1,2024-Q1,2024-03,Mar,13,2024-03-25,Wed,False,27,31,,1.0,True,Actual
2024-03-28,2024,Q1,2024-Q1,2024-03,Mar,13,2024-03-25,Thu,False,28,31,,1.0,True,Actual
2024-03-29,2024,Q1,2024-Q1,2024-03,Mar,13,2024-03-25,Fri,False,29,31,,1.0,True,Actual
2024-03-30,2024,Q1,2024-Q1,2024-03,Mar,13,2024-03-25,Sat,True,30,31,,1.0,True,Actual
2024-03-31,2024,Q1,2024-Q1,2024-03,Mar,13,2024-03-25,Sun,True,31,31,,1.0,True,Actual
2024-04-01,2024,Q2,2024-Q2,2024-04,Apr,14,2024-04-01,Mon,False,1,30,,1.0,True,Actual
2024-04-02,2024,Q2,2024-Q2,2024-04,Apr,14,2024-04-01,Tue,False,2,30,,1.0,True,Actual
2024-04-03,2024,Q2,2024-Q2,2024-04,Apr,14,2024-04-01,Wed,False,3,30,,1.0,True,Actual
2024-04-04,2024,Q2,2024-Q2,2024-04,Apr,14,2024-04-01,Thu,False,4,30,,1.0,True,Actual
2024-04-05,2024,Q2,2024-Q2,2024-04,Apr,14,2024-04-01,Fri,False,5,30,,1.0,True,Actual
2024-04-06,2024,Q2,2024-Q2,2024-04,Apr,14,2024-04-01,Sat,True,6,30,,1.0,True,Actual
2024-04-07,2024,Q2,2024-Q2,2024-04,Apr,14,2024-04-01,Sun,True,7,30,,1.0,True,Actual
2024-04-08,2024,Q2,2024-Q2,2024-04,Apr,15,2024-04-08,Mon,False,8,30,,1.0,True,Actual
2024-04-09,2024,Q2,2024-Q2,2024-04,Apr,15,2024-04-08,Tue,False,9,30,,1.0,True,Actual
2024-04-10,2024,Q2,2024-Q2,2024-04,Apr,15,2024-04-08,Wed,False,10,30,,1.0,True,Actual
2024-04-11,2024,Q2,2024-Q2,2024-04,Apr,15,2024-04-08,Thu,False,11,30,,1.0,True,Actual
2024-04-12,2024,Q2,2024-Q2,2024-04,Apr,15,2024-04-08,Fri,False,12,30,,1.0,True,Actual
2024-04-13,2024,Q2,2024-Q2,2024-04,Apr,15,2024-04-08,Sat,True,13,30,,1.0,True,Actual
2024-04-14,2024,Q2,2024-Q2,2024-04,Apr,15,2024-04-08,Sun,True,14,30,,1.0,True,Actual
2024-04-15,2024,Q2,2024-Q2,2024-04,Apr,16,2024-04-15,Mon,False,15,30,,1.0,True,Actual
2024-04-16,2024,Q2,2024-Q2,2024-04,Apr,16,2024-04-15,Tue,False,16,30,,1.0,True,Actual
2024-04-17,2024,Q2,2024-Q2,2024-04,Apr,16,2024-04-15,Wed,False,17,30,,1.0,True,Actual
2024-04-18,2024,Q2,2024-Q2,2024-04,Apr,16,2024-04-15,Thu,False,18,30,,1.0,True,Actual
2024-04-19,2024,Q2,2024-Q2,2024-04,Apr,16,2024-04-15,Fri,False,19,30,,1.0,True,Actual
2024-04-20,2024,Q2,2024-Q2,2024-04,Apr,16,2024-04-15,Sat,True,20,30,,1.0,True,Actual
2024-04-21,2024,Q2,2024-Q2,2024-04,Apr,16,2024-04-15,Sun,True,21,30,,1.0,True,Actual
2024-04-22,2024,Q2,2024-Q2,2024-04,Apr,17,2024-04-22,Mon,False,22,30,,1.0,True,Actual
2024-04-23,2024,Q2,2024-Q2,2024-04,Apr,17,2024-04-22,Tue,False,23,30,,1.0,True,Actual
2024-04-24,2024,Q2,2024-Q2,2024-04,Apr,17,2024-04-22,Wed,False,24,30,,1.0,True,Actual
2024-04-25,2024,Q2,2024-Q2,2024-04,Apr,17,2024-04-22,Thu,False,25,30,,1.0,True,Actual
2024-04-26,2024,Q2,2024-Q2,2024-04,Apr,17,2024-04-22,Fri,False,26,30,,1.0,True,Actual
2024-04-27,2024,Q2,2024-Q2,2024-04,Apr,17,2024-04-22,Sat,True,27,30,,1.0,True,Actual
2024-04-28,2024,Q2,2024-Q2,2024-04,Apr,17,2024-04-22,Sun,True,28,30,,1.0,True,Actual
2024-04-29,2024,Q2,2024-Q2,2024-04,Apr,18,2024-04-29,Mon,False,29,30,,1.0,True,Actual
2024-04-30,2024,Q2,2024-Q2,2024-04,Apr,18,2024-04-29,Tue,False,30,30,,1.0,True,Actual
2024-05-01,2024,Q2,2024-Q2,2024-05,May,18,2024-04-29,Wed,False,1,31,,1.0,True,Actual
2024-05-02,2024,Q2,2024-Q2,2024-05,May,18,2024-04-29,Thu,False,2,31,,1.0,True,Actual
2024-05-03,2024,Q2,2024-Q2,2024-05,May,18,2024-04-29,Fri,False,3,31,,1.0,True,Actual
2024-05-04,2024,Q2,2024-Q2,2024-05,May,18,2024-04-29,Sat,True,4,31,,1.0,True,Actual
2024-05-05,2024,Q2,2024-Q2,2024-05,May,18,2024-04-29,Sun,True,5,31,,1.0,True,Actual
2024-05-06,2024,Q2,2024-Q2,2024-05,May,19,2024-05-06,Mon,False,6,31,,1.0,True,Actual
2024-05-07,2024,Q2,2024-Q2,2024-05,May,19,2024-05-06,Tue,False,7,31,,1.0,True,Actual
2024-05-08,2024,Q2,2024-Q2,2024-05,May,19,2024-05-06,Wed,False,8,31,,1.0,True,Actual
2024-05-09,2024,Q2,2024-Q2,2024-05,May,19,2024-05-06,Thu,False,9,31,,1.0,True,Actual
2024-05-10,2024,Q2,2024-Q2,2024-05,May,19,2024-05-06,Fri,False,10,31,,1.0,True,Actual
2024-05-11,2024,Q2,2024-Q2,2024-05,May,19,2024-05-06,Sat,True,11,31,,1.0,True,Actual
2024-05-12,2024,Q2,2024-Q2,2024-05,May,19,2024-05-06,Sun,True,12,31,,1.0,True,Actual
2024-05-13,2024,Q2,2024-Q2,2024-05,May,20,2024-05-13,Mon,False,13,31,,1.0,True,Actual
2024-05-14,2024,Q2,2024-Q2,2024-05,May,20,2024-05-13,Tue,False,14,31,,1.0,True,Actual
2024-05-15,2024,Q2,2024-Q2,2024-05,May,20,2024-05-13,Wed,False,15,31,,1.0,True,Actual
2024-05-16,2024,Q2,2024-Q2,2024-05,May,20,2024-05-13,Thu,False,16,31,,1.0,True,Actual
2024-05-17,2024,Q2,2024-Q2,2024-05,May,20,2024-05-13,Fri,False,17,31,,1.0,True,Actual
2024-05-18,2024,Q2,2024-Q2,2024-05,May,20,2024-05-13,Sat,True,18,31,,1.0,True,Actual
2024-05-19,2024,Q2,2024-Q2,2024-05,May,20,2024-05-13,Sun,True,19,31,,1.0,True,Actual
2024-05-20,2024,Q2,2024-Q2,2024-05,May,21,2024-05-20,Mon,False,20,31,,1.0,True,Actual
2024-05-21,2024,Q2,2024-Q2,2024-05,May,21,2024-05-20,Tue,False,21,31,,1.0,True,Actual
2024-05-22,2024,Q2,2024-Q2,2024-05,May,21,2024-05-20,Wed,False,22,31,,1.0,True,Actual
2024-05-23,2024,Q2,2024-Q2,2024-05,May,21,2024-05-20,Thu,False,23,31,,1.0,True,Actual
2024-05-24,2024,Q2,2024-Q2,2024-05,May,21,2024-05-20,Fri,False,24,31,,1.0,True,Actual
2024-05-25,2024,Q2,2024-Q2,2024-05,May,21,2024-05-20,Sat,True,25,31,,1.0,True,Actual
2024-05-26,2024,Q2,2024-Q2,2024-05,May,21,2024-05-20,Sun,True,26,31,,1.0,True,Actual
2024-05-27,2024,Q2,2024-Q2,2024-05,May,22,2024-05-27,Mon,False,27,31,,1.0,True,Actual
2024-05-28,2024,Q2,2024-Q2,2024-05,May,22,2024-05-27,Tue,False,28,31,,1.0,True,Actual
2024-05-29,2024,Q2,2024-Q2,2024-05,May,22,2024-05-27,Wed,False,29,31,,1.0,True,Actual
2024-05-30,2024,Q2,2024-Q2,2024-05,May,22,2024-05-27,Thu,False,30,31,,1.0,True,Actual
2024-05-31,2024,Q2,2024-Q2,2024-05,May,22,2024-05-27,Fri,False,31,31,,1.0,True,Actual
2024-06-01,2024,Q2,2024-Q2,2024-06,Jun,22,2024-05-27,Sat,True,1,30,,1.0,True,Actual
2024-06-02,2024,Q2,2024-Q2,2024-06,Jun,22,2024-05-27,Sun,True,2,30,,1.0,True,Actual
2024-06-03,2024,Q2,2024-Q2,2024-06,Jun,23,2024-06-03,Mon,False,3,30,,1.0,True,Actual
2024-06-04,2024,Q2,2024-Q2,2024-06,Jun,23,2024-06-03,Tue,False,4,30,,1.0,True,Actual
2024-06-05,2024,Q2,2024-Q2,2024-06,Jun,23,2024-06-03,Wed,False,5,30,,1.0,True,Actual
2024-06-06,2024,Q2,2024-Q2,2024-06,Jun,23,2024-06-03,Thu,False,6,30,,1.0,True,Actual
2024-06-07,2024,Q2,2024-Q2,2024-06,Jun,23,2024-06-03,Fri,False,7,30,,1.0,True,Actual
2024-06-08,2024,Q2,2024-Q2,2024-06,Jun,23,2024-06-03,Sat,True,8,30,,1.0,True,Actual
2024-06-09,2024,Q2,2024-Q2,2024-06,Jun,23,2024-06-03,Sun,True,9,30,,1.0,True,Actual
2024-06-10,2024,Q2,2024-Q2,2024-06,Jun,24,2024-06-10,Mon,False,10,30,,1.0,True,Actual
2024-06-11,2024,Q2,2024-Q2,2024-06,Jun,24,2024-06-10,Tue,False,11,30,,1.0,True,Actual
2024-06-12,2024,Q2,2024-Q2,2024-06,Jun,24,2024-06-10,Wed,False,12,30,,1.0,True,Actual
2024-06-13,2024,Q2,2024-Q2,2024-06,Jun,24,2024-06-10,Thu,False,13,30,,1.0,True,Actual
2024-06-14,2024,Q2,2024-Q2,2024-06,Jun,24,2024-06-10,Fri,False,14,30,,1.0,True,Actual
2024-06-15,2024,Q2,2024-Q2,2024-06,Jun,24,2024-06-10,Sat,True,15,30,,1.0,True,Actual
2024-06-16,2024,Q2,2024-Q2,2024-06,Jun,24,2024-06-10,Sun,True,16,30,,1.0,True,Actual
2024-06-17,2024,Q2,2024-Q2,2024-06,Jun,25,2024-06-17,Mon,False,17,30,,1.0,True,Actual
2024-06-18,2024,Q2,2024-Q2,2024-06,Jun,25,2024-06-17,Tue,False,18,30,,1.0,True,Actual
2024-06-19,2024,Q2,2024-Q2,2024-06,Jun,25,2024-06-17,Wed,False,19,30,,1.0,True,Actual
2024-06-20,2024,Q2,2024-Q2,2024-06,Jun,25,2024-06-17,Thu,False,20,30,,1.0,True,Actual
2024-06-21,2024,Q2,2024-Q2,2024-06,Jun,25,2024-06-17,Fri,False,21,30,,1.0,True,Actual
2024-06-22,2024,Q2,2024-Q2,2024-06,Jun,25,2024-06-17,Sat,True,22,30,,1.0,True,Actual
2024-06-23,2024,Q2,2024-Q2,2024-06,Jun,25,2024-06-17,Sun,True,23,30,,1.0,True,Actual
2024-06-24,2024,Q2,2024-Q2,2024-06,Jun,26,2024-06-24,Mon,False,24,30,,1.0,True,Actual
2024-06-25,2024,Q2,2024-Q2,2024-06,Jun,26,2024-06-24,Tue,False,25,30,,1.0,True,Actual
2024-06-26,2024,Q2,2024-Q2,2024-06,Jun,26,2024-06-24,Wed,False,26,30,,1.0,True,Actual
2024-06-27,2024,Q2,2024-Q2,2024-06,Jun,26,2024-06-24,Thu,False,27,30,,1.0,True,Actual
2024-06-28,2024,Q2,2024-Q2,2024-06,Jun,26,2024-06-24,Fri,False,28,30,,1.0,True,Actual
2024-06-29,2024,Q2,2024-Q2,2024-06,Jun,26,2024-06-24,Sat,True,29,30,,1.0,True,Actual
2024-06-30,2024,Q2,2024-Q2,2024-06,Jun,26,2024-06-24,Sun,True,30,30,,1.0,True,Actual
2024-07-01,2024,Q3,2024-Q3,2024-07,Jul,27,2024-07-01,Mon,False,1,31,Summer Sale,1.2,True,Actual
2024-07-02,2024,Q3,2024-Q3,2024-07,Jul,27,2024-07-01,Tue,False,2,31,Summer Sale,1.2,True,Actual
2024-07-03,2024,Q3,2024-Q3,2024-07,Jul,27,2024-07-01,Wed,False,3,31,Summer Sale,1.2,True,Actual
2024-07-04,2024,Q3,2024-Q3,2024-07,Jul,27,2024-07-01,Thu,False,4,31,Summer Sale,1.2,True,Actual
2024-07-05,2024,Q3,2024-Q3,2024-07,Jul,27,2024-07-01,Fri,False,5,31,Summer Sale,1.2,True,Actual
2024-07-06,2024,Q3,2024-Q3,2024-07,Jul,27,2024-07-01,Sat,True,6,31,Summer Sale,1.2,True,Actual
2024-07-07,2024,Q3,2024-Q3,2024-07,Jul,27,2024-07-01,Sun,True,7,31,Summer Sale,1.2,True,Actual
2024-07-08,2024,Q3,2024-Q3,2024-07,Jul,28,2024-07-08,Mon,False,8,31,Summer Sale,1.2,True,Actual
2024-07-09,2024,Q3,2024-Q3,2024-07,Jul,28,2024-07-08,Tue,False,9,31,Summer Sale,1.2,True,Actual
2024-07-10,2024,Q3,2024-Q3,2024-07,Jul,28,2024-07-08,Wed,False,10,31,Summer Sale,1.2,True,Actual
2024-07-11,2024,Q3,2024-Q3,2024-07,Jul,28,2024-07-08,Thu,False,11,31,,1.0,True,Actual
2024-07-12,2024,Q3,2024-Q3,2024-07,Jul,28,2024-07-08,Fri,False,12,31,,1.0,True,Actual
2024-07-13,2024,Q3,2024-Q3,2024-07,Jul,28,2024-07-08,Sat,True,13,31,,1.0,True,Actual
2024-07-14,2024,Q3,2024-Q3,2024-07,Jul,28,2024-07-08,Sun,True,14,31,,1.0,True,Actual
2024-07-15,2024,Q3,2024-Q3,2024-07,Jul,29,2024-07-15,Mon,False,15,31,,1.0,True,Actual
2024-07-16,2024,Q3,2024-Q3,2024-07,Jul,29,2024-07-15,Tue,False,16,31,,1.0,True,Actual
2024-07-17,2024,Q3,2024-Q3,2024-07,Jul,29,2024-07-15,Wed,False,17,31,,1.0,True,Actual
2024-07-18,2024,Q3,2024-Q3,2024-07,Jul,29,2024-07-15,Thu,False,18,31,,1.0,True,Actual
2024-07-19,2024,Q3,2024-Q3,2024-07,Jul,29,2024-07-15,Fri,False,19,31,,1.0,True,Actual
2024-07-20,2024,Q3,2024-Q3,2024-07,Jul,29,2024-07-15,Sat,True,20,31,,1.0,True,Actual
2024-07-21,2024,Q3,2024-Q3,2024-07,Jul,29,2024-07-15,Sun,True,21,31,,1.0,True,Actual
2024-07-22,2024,Q3,2024-Q3,2024-07,Jul,30,2024-07-22,Mon,False,22,31,,1.0,True,Actual
2024-07-23,2024,Q3,2024-Q3,2024-07,Jul,30,2024-07-22,Tue,False,23,31,,1.0,True,Actual
2024-07-24,2024,Q3,2024-Q3,2024-07,Jul,30,2024-07-22,Wed,False,24,31,,1.0,True,Actual
2024-07-25,2024,Q3,2024-Q3,2024-07,Jul,30,2024-07-22,Thu,False,25,31,,1.0,True,Actual
2024-07-26,2024,Q3,2024-Q3,2024-07,Jul,30,2024-07-22,Fri,False,26,31,,1.0,True,Actual
2024-07-27,2024,Q3,2024-Q3,2024-07,Jul,30,2024-07-22,Sat,True,27,31,,1.0,True,Actual
2024-07-28,2024,Q3,2024-Q3,2024-07,Jul,30,2024-07-22,Sun,True,28,31,,1.0,True,Actual
2024-07-29,2024,Q3,2024-Q3,2024-07,Jul,31,2024-07-29,Mon,False,29,31,,1.0,True,Actual
2024-07-30,2024,Q3,2024-Q3,2024-07,Jul,31,2024-07-29,Tue,False,30,31,,1.0,True,Actual
2024-07-31,2024,Q3,2024-Q3,2024-07,Jul,31,2024-07-29,Wed,False,31,31,,1.0,True,Actual
2024-08-01,2024,Q3,2024-Q3,2024-08,Aug,31,2024-07-29,Thu,False,1,31,,1.0,True,Actual
2024-08-02,2024,Q3,2024-Q3,2024-08,Aug,31,2024-07-29,Fri,False,2,31,,1.0,True,Actual
2024-08-03,2024,Q3,2024-Q3,2024-08,Aug,31,2024-07-29,Sat,True,3,31,,1.0,True,Actual
2024-08-04,2024,Q3,2024-Q3,2024-08,Aug,31,2024-07-29,Sun,True,4,31,,1.0,True,Actual
2024-08-05,2024,Q3,2024-Q3,2024-08,Aug,32,2024-08-05,Mon,False,5,31,,1.0,True,Actual
2024-08-06,2024,Q3,2024-Q3,2024-08,Aug,32,2024-08-05,Tue,False,6,31,,1.0,True,Actual
2024-08-07,2024,Q3,2024-Q3,2024-08,Aug,32,2024-08-05,Wed,False,7,31,,1.0,True,Actual
2024-08-08,2024,Q3,2024-Q3,2024-08,Aug,32,2024-08-05,Thu,False,8,31,,1.0,True,Actual
2024-08-09,2024,Q3,2024-Q3,2024-08,Aug,32,2024-08-05,Fri,False,9,31,,1.0,True,Actual
2024-08-10,2024,Q3,2024-Q3,2024-08,Aug,32,2024-08-05,Sat,True,10,31,,1.0,True,Actual
2024-08-11,2024,Q3,2024-Q3,2024-08,Aug,32,2024-08-05,Sun,True,11,31,,1.0,True,Actual
2024-08-12,2024,Q3,2024-Q3,2024-08,Aug,33,2024-08-12,Mon,False,12,31,,1.0,True,Actual
2024-08-13,2024,Q3,2024-Q3,2024-08,Aug,33,2024-08-12,Tue,False,13,31,,1.0,True,Actual
2024-08-14,2024,Q3,2024-Q3,2024-08,Aug,33,2024-08-12,Wed,False,14,31,,1.0,True,Actual
2024-08-15,2024,Q3,2024-Q3,2024-08,Aug,33,2024-08-12,Thu,False,15,31,,1.0,True,Actual
2024-08-16,2024,Q3,2024-Q3,2024-08,Aug,33,2024-08-12,Fri,False,16,31,,1.0,True,Actual
2024-08-17,2024,Q3,2024-Q3,2024-08,Aug,33,2024-08-12,Sat,True,17,31,,1.0,True,Actual
2024-08-18,2024,Q3,2024-Q3,2024-08,Aug,33,2024-08-12,Sun,True,18,31,,1.0,True,Actual
2024-08-19,2024,Q3,2024-Q3,2024-08,Aug,34,2024-08-19,Mon,False,19,31,,1.0,True,Actual
2024-08-20,2024,Q3,2024-Q3,2024-08,Aug,34,2024-08-19,Tue,False,20,31,,1.0,True,Actual
2024-08-21,2024,Q3,2024-Q3,2024-08,Aug,34,2024-08-19,Wed,False,21,31,,1.0,True,Actual
2024-08-22,2024,Q3,2024-Q3,2024-08,Aug,34,2024-08-19,Thu,False,22,31,,1.0,True,Actual
2024-08-23,2024,Q3,2024-Q3,2024-08,Aug,34,2024-08-19,Fri,False,23,31,,1.0,True,Actual
2024-08-24,2024,Q3,2024-Q3,2024-08,Aug,34,2024-08-19,Sat,True,24,31,,1.0,True,Actual
2024-08-25,2024,Q3,2024-Q3,2024-08,Aug,34,2024-08-19,Sun,True,25,31,,1.0,True,Actual
2024-08-26,2024,Q3,2024-Q3,2024-08,Aug,35,2024-08-26,Mon,False,26,31,,1.0,True,Actual
2024-08-27,2024,Q3,2024-Q3,2024-08,Aug,35,2024-08-26,Tue,False,27,31,,1.0,True,Actual
2024-08-28,2024,Q3,2024-Q3,2024-08,Aug,35,2024-08-26,Wed,False,28,31,,1.0,True,Actual
2024-08-29,2024,Q3,2024-Q3,2024-08,Aug,35,2024-08-26,Thu,False,29,31,,1.0,True,Actual
2024-08-30,2024,Q3,2024-Q3,2024-08,Aug,35,2024-08-26,Fri,False,30,31,,1.0,True,Actual
2024-08-31,2024,Q3,2024-Q3,2024-08,Aug,35,2024-08-26,Sat,True,31,31,,1.0,True,Actual
2024-09-01,2024,Q3,2024-Q3,2024-09,Sep,35,2024-08-26,Sun,True,1,30,,1.0,True,Actual
2024-09-02,2024,Q3,2024-Q3,2024-09,Sep,36,2024-09-02,Mon,False,2,30,,1.0,True,Actual
2024-09-03,2024,Q3,2024-Q3,2024-09,Sep,36,2024-09-02,Tue,False,3,30,,1.0,True,Actual
2024-09-04,2024,Q3,2024-Q3,2024-09,Sep,36,2024-09-02,Wed,False,4,30,,1.0,True,Actual
2024-09-05,2024,Q3,2024-Q3,2024-09,Sep,36,2024-09-02,Thu,False,5,30,,1.0,True,Actual
2024-09-06,2024,Q3,2024-Q3,2024-09,Sep,36,2024-09-02,Fri,False,6,30,,1.0,True,Actual
2024-09-07,2024,Q3,2024-Q3,2024-09,Sep,36,2024-09-02,Sat,True,7,30,,1.0,True,Actual
2024-09-08,2024,Q3,2024-Q3,2024-09,Sep,36,2024-09-02,Sun,True,8,30,,1.0,True,Actual
2024-09-09,2024,Q3,2024-Q3,2024-09,Sep,37,2024-09-09,Mon,False,9,30,,1.0,True,Actual
2024-09-10,2024,Q3,2024-Q3,2024-09,Sep,37,2024-09-09,Tue,False,10,30,,1.0,True,Actual
2024-09-11,2024,Q3,2024-Q3,2024-09,Sep,37,2024-09-09,Wed,False,11,30,,1.0,True,Actual
2024-09-12,2024,Q3,2024-Q3,2024-09,Sep,37,2024-09-09,Thu,False,12,30,,1.0,True,Actual
2024-09-13,2024,Q3,2024-Q3,2024-09,Sep,37,2024-09-09,Fri,False,13,30,,1.0,True,Actual
2024-09-14,2024,Q3,2024-Q3,2024-09,Sep,37,2024-09-09,Sat,True,14,30,,1.0,True,Actual
2024-09-15,2024,Q3,2024-Q3,2024-09,Sep,37,2024-09-09,Sun,True,15,30,,1.0,True,Actual
2024-09-16,2024,Q3,2024-Q3,2024-09,Sep,38,2024-09-16,Mon,False,16,30,,1.0,True,Actual
2024-09-17,2024,Q3,2024-Q3,2024-09,Sep,38,2024-09-16,Tue,False,17,30,,1.0,True,Actual
2024-09-18,2024,Q3,2024-Q3,2024-09,Sep,38,2024-09-16,Wed,False,18,30,,1.0,True,Actual
2024-09-19,2024,Q3,2024-Q3,2024-09,Sep,38,2024-09-16,Thu,False,19,30,,1.0,True,Actual
2024-09-20,2024,Q3,2024-Q3,2024-09,Sep,38,2024-09-16,Fri,False,20,30,,1.0,True,Actual
2024-09-21,2024,Q3,2024-Q3,2024-09,Sep,38,2024-09-16,Sat,True,21,30,,1.0,True,Actual
2024-09-22,2024,Q3,2024-Q3,2024-09,Sep,38,2024-09-16,Sun,True,22,30,,1.0,True,Actual
2024-09-23,2024,Q3,2024-Q3,2024-09,Sep,39,2024-09-23,Mon,False,23,30,,1.0,True,Actual
2024-09-24,2024,Q3,2024-Q3,2024-09,Sep,39,2024-09-23,Tue,False,24,30,,1.0,True,Actual
2024-09-25,2024,Q3,2024-Q3,2024-09,Sep,39,2024-09-23,Wed,False,25,30,,1.0,True,Actual
2024-09-26,2024,Q3,2024-Q3,2024-09,Sep,39,2024-09-23,Thu,False,26,30,,1.0,True,Actual
2024-09-27,2024,Q3,2024-Q3,2024-09,Sep,39,2024-09-23,Fri,False,27,30,,1.0,True,Actual
2024-09-28,2024,Q3,2024-Q3,2024-09,Sep,39,2024-09-23,Sat,True,28,30,,1.0,True,Actual
2024-09-29,2024,Q3,2024-Q3,2024-09,Sep,39,2024-09-23,Sun,True,29,30,,1.0,True,Actual
2024-09-30,2024,Q3,2024-Q3,2024-09,Sep,40,2024-09-30,Mon,False,30,30,,1.0,True,Actual
2024-10-01,2024,Q4,2024-Q4,2024-10,Oct,40,2024-09-30,Tue,False,1,31,,1.0,True,Actual
2024-10-02,2024,Q4,2024-Q4,2024-10,Oct,40,2024-09-30,Wed,False,2,31,,1.0,True,Actual
2024-10-03,2024,Q4,2024-Q4,2024-10,Oct,40,2024-09-30,Thu,False,3,31,,1.0,True,Actual
2024-10-04,2024,Q4,2024-Q4,2024-10,Oct,40,2024-09-30,Fri,False,4,31,,1.0,True,Actual
2024-10-05,2024,Q4,2024-Q4,2024-10,Oct,40,2024-09-30,Sat,True,5,31,,1.0,True,Actual
2024-10-06,2024,Q4,2024-Q4,2024-10,Oct,40,2024-09-30,Sun,True,6,31,,1.0,True,Actual
2024-10-07,2024,Q4,2024-Q4,2024-10,Oct,41,2024-10-07,Mon,False,7,31,,1.0,True,Actual
2024-10-08,2024,Q4,2024-Q4,2024-10,Oct,41,2024-10-07,Tue,False,8,31,,1.0,True,Actual
2024-10-09,2024,Q4,2024-Q4,2024-10,Oct,41,2024-10-07,Wed,False,9,31,,1.0,True,Actual
2024-10-10,2024,Q4,2024-Q4,2024-10,Oct,41,2024-10-07,Thu,False,10,31,,1.0,True,Actual
2024-10-11,2024,Q4,2024-Q4,2024-10,Oct,41,2024-10-07,Fri,False,11,31,,1.0,True,Actual
2024-10-12,2024,Q4,2024-Q4,2024-10,Oct,41,2024-10-07,Sat,True,12,31,,1.0,True,Actual
2024-10-13,2024,Q4,2024-Q4,2024-10,Oct,41,2024-10-07,Sun,True,13,31,,1.0,True,Actual
2024-10-14,2024,Q4,2024-Q4,2024-10,Oct,42,2024-10-14,Mon,False,14,31,,1.0,True,Actual
2024-10-15,2024,Q4,2024-Q4,2024-10,Oct,42,2024-10-14,Tue,False,15,31,,1.0,True,Actual
2024-10-16,2024,Q4,2024-Q4,2024-10,Oct,42,2024-10-14,Wed,False,16,31,,1.0,True,Actual
2024-10-17,2024,Q4,2024-Q4,2024-10,Oct,42,2024-10-14,Thu,False,17,31,,1.0,True,Actual
2024-10-18,2024,Q4,2024-Q4,2024-10,Oct,42,2024-10-14,Fri,False,18,31,,1.0,True,Actual
2024-10-19,2024,Q4,2024-Q4,2024-10,Oct,42,2024-10-14,Sat,True,19,31,,1.0,True,Actual
2024-10-20,2024,Q4,2024-Q4,2024-10,Oct,42,2024-10-14,Sun,True,20,31,,1.0,True,Actual
2024-10-21,2024,Q4,2024-Q4,2024-10,Oct,43,2024-10-21,Mon,False,21,31,,1.0,True,Actual
2024-10-22,2024,Q4,2024-Q4,2024-10,Oct,43,2024-10-21,Tue,False,22,31,,1.0,True,Actual
2024-10-23,2024,Q4,2024-Q4,2024-10,Oct,43,2024-10-21,Wed,False,23,31,,1.0,True,Actual
2024-10-24,2024,Q4,2024-Q4,2024-10,Oct,43,2024-10-21,Thu,False,24,31,,1.0,True,Actual
2024-10-25,2024,Q4,2024-Q4,2024-10,Oct,43,2024-10-21,Fri,False,25,31,,1.0,True,Actual
2024-10-26,2024,Q4,2024-Q4,2024-10,Oct,43,2024-10-21,Sat,True,26,31,,1.0,True,Actual
2024-10-27,2024,Q4,2024-Q4,2024-10,Oct,43,2024-10-21,Sun,True,27,31,Halloween Sale,1.2,True,Actual
2024-10-28,2024,Q4,2024-Q4,2024-10,Oct,44,2024-10-28,Mon,False,28,31,Halloween Sale,1.2,True,Actual
2024-10-29,2024,Q4,2024-Q4,2024-10,Oct,44,2024-10-28,Tue,False,29,31,Halloween Sale,1.2,True,Actual
2024-10-30,2024,Q4,2024-Q4,2024-10,Oct,44,2024-10-28,Wed,False,30,31,Halloween Sale,1.2,True,Actual
2024-10-31,2024,Q4,2024-Q4,2024-10,Oct,44,2024-10-28,Thu,False,31,31,Halloween Sale,1.2,True,Actual
2024-11-01,2024,Q4,2024-Q4,2024-11,Nov,44,2024-10-28,Fri,False,1,30,Halloween Sale,1.2,True,Actual
2024-11-02,2024,Q4,2024-Q4,2024-11,Nov,44,2024-10-28,Sat,True,2,30,,1.0,True,Actual
2024-11-03,2024,Q4,2024-Q4,2024-11,Nov,44,2024-10-28,Sun,True,3,30,,1.0,True,Actual
2024-11-04,2024,Q4,2024-Q4,2024-11,Nov,45,2024-11-04,Mon,False,4,30,,1.0,True,Actual
2024-11-05,2024,Q4,2024-Q4,2024-11,Nov,45,2024-11-04,Tue,False,5,30,,1.0,True,Actual
2024-11-06,2024,Q4,2024-Q4,2024-11,Nov,45,2024-11-04,Wed,False,6,30,,1.0,True,Actual
2024-11-07,2024,Q4,2024-Q4,2024-11,Nov,45,2024-11-04,Thu,False,7,30,,1.0,True,Actual
2024-11-08,2024,Q4,2024-Q4,2024-11,Nov,45,2024-11-04,Fri,False,8,30,,1.0,True,Actual
2024-11-09,2024,Q4,2024-Q4,2024-11,Nov,45,2024-11-04,Sat,True,9,30,,1.0,True,Actual
2024-11-10,2024,Q4,2024-Q4,2024-11,Nov,45,2024-11-04,Sun,True,10,30,,1.0,True,Actual
2024-11-11,2024,Q4,2024-Q4,2024-11,Nov,46,2024-11-11,Mon,False,11,30,,1.0,True,Actual
2024-11-12,2024,Q4,2024-Q4,2024-11,Nov,46,2024-11-11,Tue,False,12,30,,1.0,True,Actual
2024-11-13,2024,Q4,2024-Q4,2024-11,Nov,46,2024-11-11,Wed,False,13,30,,1.0,True,Actual
2024-11-14,2024,Q4,2024-Q4,2024-11,Nov,46,2024-11-11,Thu,False,14,30,,1.0,True,Actual
2024-11-15,2024,Q4,2024-Q4,2024-11,Nov,46,2024-11-11,Fri,False,15,30,,1.0,True,Actual
2024-11-16,2024,Q4,2024-Q4,2024-11,Nov,46,2024-11-11,Sat,True,16,30,,1.0,True,Actual
2024-11-17,2024,Q4,2024-Q4,2024-11,Nov,46,2024-11-11,Sun,True,17,30,,1.0,True,Actual
2024-11-18,2024,Q4,2024-Q4,2024-11,Nov,47,2024-11-18,Mon,False,18,30,,1.0,True,Actual
2024-11-19,2024,Q4,2024-Q4,2024-11,Nov,47,2024-11-18,Tue,False,19,30,,1.0,True,Actual
2024-11-20,2024,Q4,2024-Q4,2024-11,Nov,47,2024-11-18,Wed,False,20,30,,1.0,True,Actual
2024-11-21,2024,Q4,2024-Q4,2024-11,Nov,47,2024-11-18,Thu,False,21,30,,1.0,True,Actual
2024-11-22,2024,Q4,2024-Q4,2024-11,Nov,47,2024-11-18,Fri,False,22,30,Black Friday / Cyber Monday,1.75,True,Actual
2024-11-23,2024,Q4,2024-Q4,2024-11,Nov,47,2024-11-18,Sat,True,23,30,Black Friday / Cyber Monday,1.75,True,Actual
2024-11-24,2024,Q4,2024-Q4,2024-11,Nov,47,2024-11-18,Sun,True,24,30,Black Friday / Cyber Monday,1.75,True,Actual
2024-11-25,2024,Q4,2024-Q4,2024-11,Nov,48,2024-11-25,Mon,False,25,30,Black Friday / Cyber Monday,1.75,True,Actual
2024-11-26,2024,Q4,2024-Q4,2024-11,Nov,48,2024-11-25,Tue,False,26,30,Black Friday / Cyber Monday,1.75,True,Actual
2024-11-27,2024,Q4,2024-Q4,2024-11,Nov,48,2024-11-25,Wed,False,27,30,Black Friday / Cyber Monday,1.75,True,Actual
2024-11-28,2024,Q4,2024-Q4,2024-11,Nov,48,2024-11-25,Thu,False,28,30,Black Friday / Cyber Monday,1.75,True,Actual
2024-11-29,2024,Q4,2024-Q4,2024-11,Nov,48,2024-11-25,Fri,False,29,30,Black Friday / Cyber Monday,1.75,True,Actual
2024-11-30,2024,Q4,2024-Q4,2024-11,Nov,48,2024-11-25,Sat,True,30,30,Black Friday / Cyber Monday,1.75,True,Actual
2024-12-01,2024,Q4,2024-Q4,2024-12,Dec,48,2024-11-25,Sun,True,1,31,Black Friday / Cyber Monday,1.75,True,Actual
2024-12-02,2024,Q4,2024-Q4,2024-12,Dec,49,2024-12-02,Mon,False,2,31,Black Friday / Cyber Monday,1.75,True,Actual
2024-12-03,2024,Q4,2024-Q4,2024-12,Dec,49,2024-12-02,Tue,False,3,31,,1.0,True,Actual
2024-12-04,2024,Q4,2024-Q4,2024-12,Dec,49,2024-12-02,Wed,False,4,31,,1.0,True,Actual
2024-12-05,2024,Q4,2024-Q4,2024-12,Dec,49,2024-12-02,Thu,False,5,31,,1.0,True,Actual
2024-12-06,2024,Q4,2024-Q4,2024-12,Dec,49,2024-12-02,Fri,False,6,31,,1.0,True,Actual
2024-12-07,2024,Q4,2024-Q4,2024-12,Dec,49,2024-12-02,Sat,True,7,31,,1.0,True,Actual
2024-12-08,2024,Q4,2024-Q4,2024-12,Dec,49,2024-12-02,Sun,True,8,31,,1.0,True,Actual
2024-12-09,2024,Q4,2024-Q4,2024-12,Dec,50,2024-12-09,Mon,False,9,31,,1.0,True,Actual
2024-12-10,2024,Q4,2024-Q4,2024-12,Dec,50,2024-12-09,Tue,False,10,31,,1.0,True,Actual
2024-12-11,2024,Q4,2024-Q4,2024-12,Dec,50,2024-12-09,Wed,False,11,31,,1.0,True,Actual
2024-12-12,2024,Q4,2024-Q4,2024-12,Dec,50,2024-12-09,Thu,False,12,31,,1.0,True,Actual
2024-12-13,2024,Q4,2024-Q4,2024-12,Dec,50,2024-12-09,Fri,False,13,31,,1.0,True,Actual
2024-12-14,2024,Q4,2024-Q4,2024-12,Dec,50,2024-12-09,Sat,True,14,31,,1.0,True,Actual
2024-12-15,2024,Q4,2024-Q4,2024-12,Dec,50,2024-12-09,Sun,True,15,31,,1.0,True,Actual
2024-12-16,2024,Q4,2024-Q4,2024-12,Dec,51,2024-12-16,Mon,False,16,31,,1.0,True,Actual
2024-12-17,2024,Q4,2024-Q4,2024-12,Dec,51,2024-12-16,Tue,False,17,31,,1.0,True,Actual
2024-12-18,2024,Q4,2024-Q4,2024-12,Dec,51,2024-12-16,Wed,False,18,31,,1.0,True,Actual
2024-12-19,2024,Q4,2024-Q4,2024-12,Dec,51,2024-12-16,Thu,False,19,31,,1.0,True,Actual
2024-12-20,2024,Q4,2024-Q4,2024-12,Dec,51,2024-12-16,Fri,False,20,31,,1.0,True,Actual
2024-12-21,2024,Q4,2024-Q4,2024-12,Dec,51,2024-12-16,Sat,True,21,31,,1.0,True,Actual
2024-12-22,2024,Q4,2024-Q4,2024-12,Dec,51,2024-12-16,Sun,True,22,31,,1.0,True,Actual
2024-12-23,2024,Q4,2024-Q4,2024-12,Dec,52,2024-12-23,Mon,False,23,31,,1.0,True,Actual
2024-12-24,2024,Q4,2024-Q4,2024-12,Dec,52,2024-12-23,Tue,False,24,31,,1.0,True,Actual
2024-12-25,2024,Q4,2024-Q4,2024-12,Dec,52,2024-12-23,Wed,False,25,31,,1.0,True,Actual
2024-12-26,2024,Q4,2024-Q4,2024-12,Dec,52,2024-12-23,Thu,False,26,31,New Year Sale,1.3,True,Actual
2024-12-27,2024,Q4,2024-Q4,2024-12,Dec,52,2024-12-23,Fri,False,27,31,New Year Sale,1.3,True,Actual
2024-12-28,2024,Q4,2024-Q4,2024-12,Dec,52,2024-12-23,Sat,True,28,31,New Year Sale,1.3,True,Actual
2024-12-29,2024,Q4,2024-Q4,2024-12,Dec,52,2024-12-23,Sun,True,29,31,New Year Sale,1.3,True,Actual
2024-12-30,2024,Q4,2024-Q4,2024-12,Dec,1,2024-12-30,Mon,False,30,31,New Year Sale,1.3,True,Actual
2024-12-31,2024,Q4,2024-Q4,2024-12,Dec,1,2024-12-30,Tue,False,31,31,New Year Sale,1.3,True,Actual
2025-01-01,2025,Q1,2025-Q1,2025-01,Jan,1,2024-12-30,Wed,False,1,31,New Year Sale,1.3,True,Actual
2025-01-02,2025,Q1,2025-Q1,2025-01,Jan,1,2024-12-30,Thu,False,2,31,New Year Sale,1.3,True,Actual
2025-01-03,2025,Q1,2025-Q1,2025-01,Jan,1,2024-12-30,Fri,False,3,31,New Year Sale,1.3,True,Actual
2025-01-04,2025,Q1,2025-Q1,2025-01,Jan,1,2024-12-30,Sat,True,4,31,New Year Sale,1.3,True,Actual
2025-01-05,2025,Q1,2025-Q1,2025-01,Jan,1,2024-12-30,Sun,True,5,31,New Year Sale,1.3,True,Actual
2025-01-06,2025,Q1,2025-Q1,2025-01,Jan,2,2025-01-06,Mon,False,6,31,New Year Sale,1.3,True,Actual
2025-01-07,2025,Q1,2025-Q1,2025-01,Jan,2,2025-01-06,Tue,False,7,31,,1.0,True,Actual
2025-01-08,2025,Q1,2025-Q1,2025-01,Jan,2,2025-01-06,Wed,False,8,31,,1.0,True,Actual
2025-01-09,2025,Q1,2025-Q1,2025-01,Jan,2,2025-01-06,Thu,False,9,31,,1.0,True,Actual
2025-01-10,2025,Q1,2025-Q1,2025-01,Jan,2,2025-01-06,Fri,False,10,31,,1.0,True,Actual
2025-01-11,2025,Q1,2025-Q1,2025-01,Jan,2,2025-01-06,Sat,True,11,31,,1.0,True,Actual
2025-01-12,2025,Q1,2025-Q1,2025-01,Jan,2,2025-01-06,Sun,True,12,31,,1.0,True,Actual
2025-01-13,2025,Q1,2025-Q1,2025-01,Jan,3,2025-01-13,Mon,False,13,31,,1.0,True,Actual
2025-01-14,2025,Q1,2025-Q1,2025-01,Jan,3,2025-01-13,Tue,False,14,31,,1.0,True,Actual
2025-01-15,2025,Q1,2025-Q1,2025-01,Jan,3,2025-01-13,Wed,False,15,31,,1.0,True,Actual
2025-01-16,2025,Q1,2025-Q1,2025-01,Jan,3,2025-01-13,Thu,False,16,31,,1.0,True,Actual
2025-01-17,2025,Q1,2025-Q1,2025-01,Jan,3,2025-01-13,Fri,False,17,31,,1.0,True,Actual
2025-01-18,2025,Q1,2025-Q1,2025-01,Jan,3,2025-01-13,Sat,True,18,31,,1.0,True,Actual
2025-01-19,2025,Q1,2025-Q1,2025-01,Jan,3,2025-01-13,Sun,True,19,31,,1.0,True,Actual
2025-01-20,2025,Q1,2025-Q1,2025-01,Jan,4,2025-01-20,Mon,False,20,31,,1.0,True,Actual
2025-01-21,2025,Q1,2025-Q1,2025-01,Jan,4,2025-01-20,Tue,False,21,31,,1.0,True,Actual
2025-01-22,2025,Q1,2025-Q1,2025-01,Jan,4,2025-01-20,Wed,False,22,31,,1.0,True,Actual
2025-01-23,2025,Q1,2025-Q1,2025-01,Jan,4,2025-01-20,Thu,False,23,31,,1.0,True,Actual
2025-01-24,2025,Q1,2025-Q1,2025-01,Jan,4,2025-01-20,Fri,False,24,31,,1.0,True,Actual
2025-01-25,2025,Q1,2025-Q1,2025-01,Jan,4,2025-01-20,Sat,True,25,31,,1.0,True,Actual
2025-01-26,2025,Q1,2025-Q1,2025-01,Jan,4,2025-01-20,Sun,True,26,31,,1.0,True,Actual
2025-01-27,2025,Q1,2025-Q1,2025-01,Jan,5,2025-01-27,Mon,False,27,31,,1.0,True,Actual
2025-01-28,2025,Q1,2025-Q1,2025-01,Jan,5,2025-01-27,Tue,False,28,31,,1.0,True,Actual
2025-01-29,2025,Q1,2025-Q1,2025-01,Jan,5,2025-01-27,Wed,False,29,31,,1.0,True,Actual
2025-01-30,2025,Q1,2025-Q1,2025-01,Jan,5,2025-01-27,Thu,False,30,31,,1.0,True,Actual
2025-01-31,2025,Q1,2025-Q1,2025-01,Jan,5,2025-01-27,Fri,False,31,31,,1.0,True,Actual
2025-02-01,2025,Q1,2025-Q1,2025-02,Feb,5,2025-01-27,Sat,True,1,28,,1.0,True,Actual
2025-02-02,2025,Q1,2025-Q1,2025-02,Feb,5,2025-01-27,Sun,True,2,28,,1.0,True,Actual
2025-02-03,2025,Q1,2025-Q1,2025-02,Feb,6,2025-02-03,Mon,False,3,28,,1.0,True,Actual
2025-02-04,2025,Q1,2025-Q1,2025-02,Feb,6,2025-02-03,Tue,False,4,28,,1.0,True,Actual
2025-02-05,2025,Q1,2025-Q1,2025-02,Feb,6,2025-02-03,Wed,False,5,28,,1.0,True,Actual
2025-02-06,2025,Q1,2025-Q1,2025-02,Feb,6,2025-02-03,Thu,False,6,28,,1.0,True,Actual
2025-02-07,2025,Q1,2025-Q1,2025-02,Feb,6,2025-02-03,Fri,False,7,28,Valentine's Sale,1.4,True,Actual
2025-02-08,2025,Q1,2025-Q1,2025-02,Feb,6,2025-02-03,Sat,True,8,28,Valentine's Sale,1.4,True,Actual
2025-02-09,2025,Q1,2025-Q1,2025-02,Feb,6,2025-02-03,Sun,True,9,28,Valentine's Sale,1.4,True,Actual
2025-02-10,2025,Q1,2025-Q1,2025-02,Feb,7,2025-02-10,Mon,False,10,28,Valentine's Sale,1.4,True,Actual
2025-02-11,2025,Q1,2025-Q1,2025-02,Feb,7,2025-02-10,Tue,False,11,28,Valentine's Sale,1.4,True,Actual
2025-02-12,2025,Q1,2025-Q1,2025-02,Feb,7,2025-02-10,Wed,False,12,28,Valentine's Sale,1.4,True,Actual
2025-02-13,2025,Q1,2025-Q1,2025-02,Feb,7,2025-02-10,Thu,False,13,28,Valentine's Sale,1.4,True,Actual
2025-02-14,2025,Q1,2025-Q1,2025-02,Feb,7,2025-02-10,Fri,False,14,28,Valentine's Sale,1.4,True,Actual
2025-02-15,2025,Q1,2025-Q1,2025-02,Feb,7,2025-02-10,Sat,True,15,28,Valentine's Sale,1.4,True,Actual
2025-02-16,2025,Q1,2025-Q1,2025-02,Feb,7,2025-02-10,Sun,True,16,28,,1.0,True,Actual
2025-02-17,2025,Q1,2025-Q1,2025-02,Feb,8,2025-02-17,Mon,False,17,28,,1.0,True,Actual
2025-02-18,2025,Q1,2025-Q1,2025-02,Feb,8,2025-02-17,Tue,False,18,28,,1.0,True,Actual
2025-02-19,2025,Q1,2025-Q1,2025-02,Feb,8,2025-02-17,Wed,False,19,28,,1.0,True,Actual
2025-02-20,2025,Q1,2025-Q1,2025-02,Feb,8,2025-02-17,Thu,False,20,28,,1.0,True,Actual
2025-02-21,2025,Q1,2025-Q1,2025-02,Feb,8,2025-02-17,Fri,False,21,28,,1.0,True,Actual
2025-02-22,2025,Q1,2025-Q1,2025-02,Feb,8,2025-02-17,Sat,True,22,28,,1.0,True,Actual
2025-02-23,2025,Q1,2025-Q1,2025-02,Feb,8,2025-02-17,Sun,True,23,28,,1.0,True,Actual
2025-02-24,2025,Q1,2025-Q1,2025-02,Feb,9,2025-02-24,Mon,False,24,28,,1.0,True,Actual
2025-02-25,2025,Q1,2025-Q1,2025-02,Feb,9,2025-02-24,Tue,False,25,28,,1.0,True,Actual
2025-02-26,2025,Q1,2025-Q1,2025-02,Feb,9,2025-02-24,Wed,False,26,28,,1.0,True,Actual
2025-02-27,2025,Q1,2025-Q1,2025-02,Feb,9,2025-02-24,Thu,False,27,28,,1.0,True,Actual
2025-02-28,2025,Q1,2025-Q1,2025-02,Feb,9,2025-02-24,Fri,False,28,28,,1.0,True,Actual
2025-03-01,2025,Q1,2025-Q1,2025-03,Mar,9,2025-02-24,Sat,True,1,31,,1.0,True,Actual
2025-03-02,2025,Q1,2025-Q1,2025-03,Mar,9,2025-02-24,Sun,True,2,31,,1.0,True,Actual
2025-03-03,2025,Q1,2025-Q1,2025-03,Mar,10,2025-03-03,Mon,False,3,31,,1.0,True,Actual
2025-03-04,2025,Q1,2025-Q1,2025-03,Mar,10,2025-03-03,Tue,False,4,31,,1.0,True,Actual
2025-03-05,2025,Q1,2025-Q1,2025-03,Mar,10,2025-03-03,Wed,False,5,31,,1.0,True,Actual
2025-03-06,2025,Q1,2025-Q1,2025-03,Mar,10,2025-03-03,Thu,False,6,31,,1.0,True,Actual
2025-03-07,2025,Q1,2025-Q1,2025-03,Mar,10,2025-03-03,Fri,False,7,31,,1.0,True,Actual
2025-03-08,2025,Q1,2025-Q1,2025-03,Mar,10,2025-03-03,Sat,True,8,31,,1.0,True,Actual
2025-03-09,2025,Q1,2025-Q1,2025-03,Mar,10,2025-03-03,Sun,True,9,31,,1.0,True,Actual
2025-03-10,2025,Q1,2025-Q1,2025-03,Mar,11,2025-03-10,Mon,False,10,31,,1.0,True,Actual
2025-03-11,2025,Q1,2025-Q1,2025-03,Mar,11,2025-03-10,Tue,False,11,31,,1.0,True,Actual
2025-03-12,2025,Q1,2025-Q1,2025-03,Mar,11,2025-03-10,Wed,False,12,31,,1.0,True,Actual
2025-03-13,2025,Q1,2025-Q1,2025-03,Mar,11,2025-03-10,Thu,False,13,31,,1.0,True,Actual
2025-03-14,2025,Q1,2025-Q1,2025-03,Mar,11,2025-03-10,Fri,False,14,31,,1.0,True,Actual
2025-03-15,2025,Q1,2025-Q1,2025-03,Mar,11,2025-03-10,Sat,True,15,31,,1.0,True,Actual
2025-03-16,2025,Q1,2025-Q1,2025-03,Mar,11,2025-03-10,Sun,True,16,31,,1.0,True,Actual
2025-03-17,2025,Q1,2025-Q1,2025-03,Mar,12,2025-03-17,Mon,False,17,31,,1.0,True,Actual
2025-03-18,2025,Q1,2025-Q1,2025-03,Mar,12,2025-03-17,Tue,False,18,31,,1.0,True,Actual
2025-03-19,2025,Q1,2025-Q1,2025-03,Mar,12,2025-03-17,Wed,False,19,31,,1.0,True,Actual
2025-03-20,2025,Q1,2025-Q1,2025-03,Mar,12,2025-03-17,Thu,False,20,31,,1.0,True,Actual
2025-03-21,2025,Q1,2025-Q1,2025-03,Mar,12,2025-03-17,Fri,False,21,31,,1.0,True,Actual
2025-03-22,2025,Q1,2025-Q1,2025-03,Mar,12,2025-03-17,Sat,True,22,31,,1.0,True,Actual
2025-03-23,2025,Q1,2025-Q1,2025-03,Mar,12,2025-03-17,Sun,True,23,31,,1.0,True,Actual
2025-03-24,2025,Q1,2025-Q1,2025-03,Mar,13,2025-03-24,Mon,False,24,31,,1.0,True,Actual
2025-03-25,2025,Q1,2025-Q1,2025-03,Mar,13,2025-03-24,Tue,False,25,31,,1.0,True,Actual
2025-03-26,2025,Q1,2025-Q1,2025-03,Mar,13,2025-03-24,Wed,False,26,31,,1.0,True,Actual
2025-03-27,2025,Q1,2025-Q1,2025-03,Mar,13,2025-03-24,Thu,False,27,31,,1.0,True,Actual
2025-03-28,2025,Q1,2025-Q1,2025-03,Mar,13,2025-03-24,Fri,False,28,31,,1.0,True,Actual
2025-03-29,2025,Q1,2025-Q1,2025-03,Mar,13,2025-03-24,Sat,True,29,31,,1.0,True,Actual
2025-03-30,2025,Q1,2025-Q1,2025-03,Mar,13,2025-03-24,Sun,True,30,31,,1.0,True,Actual
2025-03-31,2025,Q1,2025-Q1,2025-03,Mar,14,2025-03-31,Mon,False,31,31,,1.0,True,Actual
2025-04-01,2025,Q2,2025-Q2,2025-04,Apr,14,2025-03-31,Tue,False,1,30,,1.0,True,Actual
2025-04-02,2025,Q2,2025-Q2,2025-04,Apr,14,2025-03-31,Wed,False,2,30,,1.0,True,Actual
2025-04-03,2025,Q2,2025-Q2,2025-04,Apr,14,2025-03-31,Thu,False,3,30,,1.0,True,Actual
2025-04-04,2025,Q2,2025-Q2,2025-04,Apr,14,2025-03-31,Fri,False,4,30,,1.0,True,Actual
2025-04-05,2025,Q2,2025-Q2,2025-04,Apr,14,2025-03-31,Sat,True,5,30,,1.0,True,Actual
2025-04-06,2025,Q2,2025-Q2,2025-04,Apr,14,2025-03-31,Sun,True,6,30,,1.0,True,Actual
2025-04-07,2025,Q2,2025-Q2,2025-04,Apr,15,2025-04-07,Mon,False,7,30,,1.0,True,Actual
2025-04-08,2025,Q2,2025-Q2,2025-04,Apr,15,2025-04-07,Tue,False,8,30,,1.0,True,Actual
2025-04-09,2025,Q2,2025-Q2,2025-04,Apr,15,2025-04-07,Wed,False,9,30,,1.0,True,Actual
2025-04-10,2025,Q2,2025-Q2,2025-04,Apr,15,2025-04-07,Thu,False,10,30,,1.0,True,Actual
2025-04-11,2025,Q2,2025-Q2,2025-04,Apr,15,2025-04-07,Fri,False,11,30,,1.0,True,Actual
2025-04-12,2025,Q2,2025-Q2,2025-04,Apr,15,2025-04-07,Sat,True,12,30,,1.0,True,Actual
2025-04-13,2025,Q2,2025-Q2,2025-04,Apr,15,2025-04-07,Sun,True,13,30,,1.0,True,Actual
2025-04-14,2025,Q2,2025-Q2,2025-04,Apr,16,2025-04-14,Mon,False,14,30,,1.0,True,Actual
2025-04-15,2025,Q2,2025-Q2,2025-04,Apr,16,2025-04-14,Tue,False,15,30,,1.0,True,Actual
2025-04-16,2025,Q2,2025-Q2,2025-04,Apr,16,2025-04-14,Wed,False,16,30,,1.0,True,Actual
2025-04-17,2025,Q2,2025-Q2,2025-04,Apr,16,2025-04-14,Thu,False,17,30,,1.0,True,Actual
2025-04-18,2025,Q2,2025-Q2,2025-04,Apr,16,2025-04-14,Fri,False,18,30,Spring Sale,1.2,True,Actual
2025-04-19,2025,Q2,2025-Q2,2025-04,Apr,16,2025-04-14,Sat,True,19,30,Spring Sale,1.2,True,Actual
2025-04-20,2025,Q2,2025-Q2,2025-04,Apr,16,2025-04-14,Sun,True,20,30,Spring Sale,1.2,True,Actual
2025-04-21,2025,Q2,2025-Q2,2025-04,Apr,17,2025-04-21,Mon,False,21,30,Spring Sale,1.2,True,Actual
2025-04-22,2025,Q2,2025-Q2,2025-04,Apr,17,2025-04-21,Tue,False,22,30,Spring Sale,1.2,True,Actual
2025-04-23,2025,Q2,2025-Q2,2025-04,Apr,17,2025-04-21,Wed,False,23,30,Spring Sale,1.2,True,Actual
2025-04-24,2025,Q2,2025-Q2,2025-04,Apr,17,2025-04-21,Thu,False,24,30,Spring Sale,1.2,True,Actual
2025-04-25,2025,Q2,2025-Q2,2025-04,Apr,17,2025-04-21,Fri,False,25,30,Spring Sale,1.2,True,Actual
2025-04-26,2025,Q2,2025-Q2,2025-04,Apr,17,2025-04-21,Sat,True,26,30,Spring Sale,1.2,True,Actual
2025-04-27,2025,Q2,2025-Q2,2025-04,Apr,17,2025-04-21,Sun,True,27,30,Spring Sale,1.2,True,Actual
2025-04-28,2025,Q2,2025-Q2,2025-04,Apr,18,2025-04-28,Mon,False,28,30,,1.0,True,Actual
2025-04-29,2025,Q2,2025-Q2,2025-04,Apr,18,2025-04-28,Tue,False,29,30,,1.0,True,Actual
2025-04-30,2025,Q2,2025-Q2,2025-04,Apr,18,2025-04-28,Wed,False,30,30,,1.0,True,Actual
2025-05-01,2025,Q2,2025-Q2,2025-05,May,18,2025-04-28,Thu,False,1,31,,1.0,True,Actual
2025-05-02,2025,Q2,2025-Q2,2025-05,May,18,2025-04-28,Fri,False,2,31,,1.0,True,Actual
2025-05-03,2025,Q2,2025-Q2,2025-05,May,18,2025-04-28,Sat,True,3,31,,1.0,True,Actual
2025-05-04,2025,Q2,2025-Q2,2025-05,May,18,2025-04-28,Sun,True,4,31,,1.0,True,Actual
2025-05-05,2025,Q2,2025-Q2,2025-05,May,19,2025-05-05,Mon,False,5,31,,1.0,True,Actual
2025-05-06,2025,Q2,2025-Q2,2025-05,May,19,2025-05-05,Tue,False,6,31,,1.0,True,Actual
2025-05-07,2025,Q2,2025-Q2,2025-05,May,19,2025-05-05,Wed,False,7,31,,1.0,True,Actual
2025-05-08,2025,Q2,2025-Q2,2025-05,May,19,2025-05-05,Thu,False,8,31,,1.0,True,Actual
2025-05-09,2025,Q2,2025-Q2,2025-05,May,19,2025-05-05,Fri,False,9,31,,1.0,True,Actual
2025-05-10,2025,Q2,2025-Q2,2025-05,May,19,2025-05-05,Sat,True,10,31,,1.0,True,Actual
2025-05-11,2025,Q2,2025-Q2,2025-05,May,19,2025-05-05,Sun,True,11,31,,1.0,True,Actual
2025-05-12,2025,Q2,2025-Q2,2025-05,May,20,2025-05-12,Mon,False,12,31,,1.0,True,Actual
2025-05-13,2025,Q2,2025-Q2,2025-05,May,20,2025-05-12,Tue,False,13,31,,1.0,True,Actual
2025-05-14,2025,Q2,2025-Q2,2025-05,May,20,2025-05-12,Wed,False,14,31,,1.0,True,Actual
2025-05-15,2025,Q2,2025-Q2,2025-05,May,20,2025-05-12,Thu,False,15,31,,1.0,True,Actual
2025-05-16,2025,Q2,2025-Q2,2025-05,May,20,2025-05-12,Fri,False,16,31,,1.0,True,Actual
2025-05-17,2025,Q2,2025-Q2,2025-05,May,20,2025-05-12,Sat,True,17,31,,1.0,True,Actual
2025-05-18,2025,Q2,2025-Q2,2025-05,May,20,2025-05-12,Sun,True,18,31,,1.0,True,Actual
2025-05-19,2025,Q2,2025-Q2,2025-05,May,21,2025-05-19,Mon,False,19,31,,1.0,True,Actual
2025-05-20,2025,Q2,2025-Q2,2025-05,May,21,2025-05-19,Tue,False,20,31,,1.0,True,Actual
2025-05-21,2025,Q2,2025-Q2,2025-05,May,21,2025-05-19,Wed,False,21,31,,1.0,True,Actual
2025-05-22,2025,Q2,2025-Q2,2025-05,May,21,2025-05-19,Thu,False,22,31,,1.0,True,Actual
2025-05-23,2025,Q2,2025-Q2,2025-05,May,21,2025-05-19,Fri,False,23,31,,1.0,True,Actual
2025-05-24,2025,Q2,2025-Q2,2025-05,May,21,2025-05-19,Sat,True,24,31,,1.0,True,Actual
2025-05-25,2025,Q2,2025-Q2,2025-05,May,21,2025-05-19,Sun,True,25,31,,1.0,True,Actual
2025-05-26,2025,Q2,2025-Q2,2025-05,May,22,2025-05-26,Mon,False,26,31,,1.0,True,Actual
2025-05-27,2025,Q2,2025-Q2,2025-05,May,22,2025-05-26,Tue,False,27,31,,1.0,True,Actual
2025-05-28,2025,Q2,2025-Q2,2025-05,May,22,2025-05-26,Wed,False,28,31,,1.0,True,Actual
2025-05-29,2025,Q2,2025-Q2,2025-05,May,22,2025-05-26,Thu,False,29,31,,1.0,True,Actual
2025-05-30,2025,Q2,2025-Q2,2025-05,May,22,2025-05-26,Fri,False,30,31,,1.0,True,Actual
2025-05-31,2025,Q2,2025-Q2,2025-05,May,22,2025-05-26,Sat,True,31,31,,1.0,True,Actual
2025-06-01,2025,Q2,2025-Q2,2025-06,Jun,22,2025-05-26,Sun,True,1,30,,1.0,True,Actual
2025-06-02,2025,Q2,2025-Q2,2025-06,Jun,23,2025-06-02,Mon,False,2,30,,1.0,True,Actual
2025-06-03,2025,Q2,2025-Q2,2025-06,Jun,23,2025-06-02,Tue,False,3,30,,1.0,True,Actual
2025-06-04,2025,Q2,2025-Q2,2025-06,Jun,23,2025-06-02,Wed,False,4,30,,1.0,True,Actual
2025-06-05,2025,Q2,2025-Q2,2025-06,Jun,23,2025-06-02,Thu,False,5,30,,1.0,True,Actual
2025-06-06,2025,Q2,2025-Q2,2025-06,Jun,23,2025-06-02,Fri,False,6,30,,1.0,True,Actual
2025-06-07,2025,Q2,2025-Q2,2025-06,Jun,23,2025-06-02,Sat,True,7,30,,1.0,True,Actual
2025-06-08,2025,Q2,2025-Q2,2025-06,Jun,23,2025-06-02,Sun,True,8,30,,1.0,True,Actual
2025-06-09,2025,Q2,2025-Q2,2025-06,Jun,24,2025-06-09,Mon,False,9,30,,1.0,True,Actual
2025-06-10,2025,Q2,2025-Q2,2025-06,Jun,24,2025-06-09,Tue,False,10,30,,1.0,True,Actual
2025-06-11,2025,Q2,2025-Q2,2025-06,Jun,24,2025-06-09,Wed,False,11,30,,1.0,True,Actual
2025-06-12,2025,Q2,2025-Q2,2025-06,Jun,24,2025-06-09,Thu,False,12,30,,1.0,True,Actual
2025-06-13,2025,Q2,2025-Q2,2025-06,Jun,24,2025-06-09,Fri,False,13,30,,1.0,True,Actual
2025-06-14,2025,Q2,2025-Q2,2025-06,Jun,24,2025-06-09,Sat,True,14,30,,1.0,True,Actual
2025-06-15,2025,Q2,2025-Q2,2025-06,Jun,24,2025-06-09,Sun,True,15,30,,1.0,True,Actual
2025-06-16,2025,Q2,2025-Q2,2025-06,Jun,25,2025-06-16,Mon,False,16,30,,1.0,True,Actual
2025-06-17,2025,Q2,2025-Q2,2025-06,Jun,25,2025-06-16,Tue,False,17,30,,1.0,True,Actual
2025-06-18,2025,Q2,2025-Q2,2025-06,Jun,25,2025-06-16,Wed,False,18,30,,1.0,True,Actual
2025-06-19,2025,Q2,2025-Q2,2025-06,Jun,25,2025-06-16,Thu,False,19,30,,1.0,True,Actual
2025-06-20,2025,Q2,2025-Q2,2025-06,Jun,25,2025-06-16,Fri,False,20,30,,1.0,True,Actual
2025-06-21,2025,Q2,2025-Q2,2025-06,Jun,25,2025-06-16,Sat,True,21,30,,1.0,True,Actual
2025-06-22,2025,Q2,2025-Q2,2025-06,Jun,25,2025-06-16,Sun,True,22,30,,1.0,True,Actual
2025-06-23,2025,Q2,2025-Q2,2025-06,Jun,26,2025-06-23,Mon,False,23,30,,1.0,True,Actual
2025-06-24,2025,Q2,2025-Q2,2025-06,Jun,26,2025-06-23,Tue,False,24,30,,1.0,True,Actual
2025-06-25,2025,Q2,2025-Q2,2025-06,Jun,26,2025-06-23,Wed,False,25,30,,1.0,True,Actual
2025-06-26,2025,Q2,2025-Q2,2025-06,Jun,26,2025-06-23,Thu,False,26,30,,1.0,True,Actual
2025-06-27,2025,Q2,2025-Q2,2025-06,Jun,26,2025-06-23,Fri,False,27,30,,1.0,True,Actual
2025-06-28,2025,Q2,2025-Q2,2025-06,Jun,26,2025-06-23,Sat,True,28,30,,1.0,True,Actual
2025-06-29,2025,Q2,2025-Q2,2025-06,Jun,26,2025-06-23,Sun,True,29,30,,1.0,True,Actual
2025-06-30,2025,Q2,2025-Q2,2025-06,Jun,27,2025-06-30,Mon,False,30,30,,1.0,True,Actual
2025-07-01,2025,Q3,2025-Q3,2025-07,Jul,27,2025-06-30,Tue,False,1,31,Summer Sale,1.25,True,Actual
2025-07-02,2025,Q3,2025-Q3,2025-07,Jul,27,2025-06-30,Wed,False,2,31,Summer Sale,1.25,True,Actual
2025-07-03,2025,Q3,2025-Q3,2025-07,Jul,27,2025-06-30,Thu,False,3,31,Summer Sale,1.25,True,Actual
2025-07-04,2025,Q3,2025-Q3,2025-07,Jul,27,2025-06-30,Fri,False,4,31,Summer Sale,1.25,True,Actual
2025-07-05,2025,Q3,2025-Q3,2025-07,Jul,27,2025-06-30,Sat,True,5,31,Summer Sale,1.25,True,Actual
2025-07-06,2025,Q3,2025-Q3,2025-07,Jul,27,2025-06-30,Sun,True,6,31,Summer Sale,1.25,True,Actual
2025-07-07,2025,Q3,2025-Q3,2025-07,Jul,28,2025-07-07,Mon,False,7,31,Summer Sale,1.25,True,Actual
2025-07-08,2025,Q3,2025-Q3,2025-07,Jul,28,2025-07-07,Tue,False,8,31,Summer Sale,1.25,True,Actual
2025-07-09,2025,Q3,2025-Q3,2025-07,Jul,28,2025-07-07,Wed,False,9,31,Summer Sale,1.25,True,Actual
2025-07-10,2025,Q3,2025-Q3,2025-07,Jul,28,2025-07-07,Thu,False,10,31,Summer Sale,1.25,True,Actual
2025-07-11,2025,Q3,2025-Q3,2025-07,Jul,28,2025-07-07,Fri,False,11,31,,1.0,True,Actual
2025-07-12,2025,Q3,2025-Q3,2025-07,Jul,28,2025-07-07,Sat,True,12,31,,1.0,True,Actual
2025-07-13,2025,Q3,2025-Q3,2025-07,Jul,28,2025-07-07,Sun,True,13,31,,1.0,True,Actual
2025-07-14,2025,Q3,2025-Q3,2025-07,Jul,29,2025-07-14,Mon,False,14,31,,1.0,True,Actual
2025-07-15,2025,Q3,2025-Q3,2025-07,Jul,29,2025-07-14,Tue,False,15,31,,1.0,True,Actual
2025-07-16,2025,Q3,2025-Q3,2025-07,Jul,29,2025-07-14,Wed,False,16,31,,1.0,True,Actual
2025-07-17,2025,Q3,2025-Q3,2025-07,Jul,29,2025-07-14,Thu,False,17,31,,1.0,True,Actual
2025-07-18,2025,Q3,2025-Q3,2025-07,Jul,29,2025-07-14,Fri,False,18,31,,1.0,True,Actual
2025-07-19,2025,Q3,2025-Q3,2025-07,Jul,29,2025-07-14,Sat,True,19,31,,1.0,True,Actual
2025-07-20,2025,Q3,2025-Q3,2025-07,Jul,29,2025-07-14,Sun,True,20,31,,1.0,True,Actual
2025-07-21,2025,Q3,2025-Q3,2025-07,Jul,30,2025-07-21,Mon,False,21,31,,1.0,True,Actual
2025-07-22,2025,Q3,2025-Q3,2025-07,Jul,30,2025-07-21,Tue,False,22,31,,1.0,True,Actual
2025-07-23,2025,Q3,2025-Q3,2025-07,Jul,30,2025-07-21,Wed,False,23,31,,1.0,True,Actual
2025-07-24,2025,Q3,2025-Q3,2025-07,Jul,30,2025-07-21,Thu,False,24,31,,1.0,True,Actual
2025-07-25,2025,Q3,2025-Q3,2025-07,Jul,30,2025-07-21,Fri,False,25,31,,1.0,True,Actual
2025-07-26,2025,Q3,2025-Q3,2025-07,Jul,30,2025-07-21,Sat,True,26,31,,1.0,True,Actual
2025-07-27,2025,Q3,2025-Q3,2025-07,Jul,30,2025-07-21,Sun,True,27,31,,1.0,True,Actual
2025-07-28,2025,Q3,2025-Q3,2025-07,Jul,31,2025-07-28,Mon,False,28,31,,1.0,True,Actual
2025-07-29,2025,Q3,2025-Q3,2025-07,Jul,31,2025-07-28,Tue,False,29,31,,1.0,True,Actual
2025-07-30,2025,Q3,2025-Q3,2025-07,Jul,31,2025-07-28,Wed,False,30,31,,1.0,True,Actual
2025-07-31,2025,Q3,2025-Q3,2025-07,Jul,31,2025-07-28,Thu,False,31,31,,1.0,True,Actual
2025-08-01,2025,Q3,2025-Q3,2025-08,Aug,31,2025-07-28,Fri,False,1,31,,1.0,True,Actual
2025-08-02,2025,Q3,2025-Q3,2025-08,Aug,31,2025-07-28,Sat,True,2,31,,1.0,True,Actual
2025-08-03,2025,Q3,2025-Q3,2025-08,Aug,31,2025-07-28,Sun,True,3,31,,1.0,True,Actual
2025-08-04,2025,Q3,2025-Q3,2025-08,Aug,32,2025-08-04,Mon,False,4,31,,1.0,True,Actual
2025-08-05,2025,Q3,2025-Q3,2025-08,Aug,32,2025-08-04,Tue,False,5,31,,1.0,True,Actual
2025-08-06,2025,Q3,2025-Q3,2025-08,Aug,32,2025-08-04,Wed,False,6,31,,1.0,True,Actual
2025-08-07,2025,Q3,2025-Q3,2025-08,Aug,32,2025-08-04,Thu,False,7,31,,1.0,True,Actual
2025-08-08,2025,Q3,2025-Q3,2025-08,Aug,32,2025-08-04,Fri,False,8,31,,1.0,True,Actual
2025-08-09,2025,Q3,2025-Q3,2025-08,Aug,32,2025-08-04,Sat,True,9,31,,1.0,True,Actual
2025-08-10,2025,Q3,2025-Q3,2025-08,Aug,32,2025-08-04,Sun,True,10,31,,1.0,True,Actual
2025-08-11,2025,Q3,2025-Q3,2025-08,Aug,33,2025-08-11,Mon,False,11,31,,1.0,True,Actual
2025-08-12,2025,Q3,2025-Q3,2025-08,Aug,33,2025-08-11,Tue,False,12,31,,1.0,True,Actual
2025-08-13,2025,Q3,2025-Q3,2025-08,Aug,33,2025-08-11,Wed,False,13,31,,1.0,True,Actual
2025-08-14,2025,Q3,2025-Q3,2025-08,Aug,33,2025-08-11,Thu,False,14,31,,1.0,True,Actual
2025-08-15,2025,Q3,2025-Q3,2025-08,Aug,33,2025-08-11,Fri,False,15,31,,1.0,True,Actual
2025-08-16,2025,Q3,2025-Q3,2025-08,Aug,33,2025-08-11,Sat,True,16,31,,1.0,True,Actual
2025-08-17,2025,Q3,2025-Q3,2025-08,Aug,33,2025-08-11,Sun,True,17,31,,1.0,True,Actual
2025-08-18,2025,Q3,2025-Q3,2025-08,Aug,34,2025-08-18,Mon,False,18,31,,1.0,True,Actual
2025-08-19,2025,Q3,2025-Q3,2025-08,Aug,34,2025-08-18,Tue,False,19,31,,1.0,True,Actual
2025-08-20,2025,Q3,2025-Q3,2025-08,Aug,34,2025-08-18,Wed,False,20,31,,1.0,True,Actual
2025-08-21,2025,Q3,2025-Q3,2025-08,Aug,34,2025-08-18,Thu,False,21,31,,1.0,True,Actual
2025-08-22,2025,Q3,2025-Q3,2025-08,Aug,34,2025-08-18,Fri,False,22,31,Back to School Sale,1.2,True,Actual
2025-08-23,2025,Q3,2025-Q3,2025-08,Aug,34,2025-08-18,Sat,True,23,31,Back to School Sale,1.2,True,Actual
2025-08-24,2025,Q3,2025-Q3,2025-08,Aug,34,2025-08-18,Sun,True,24,31,Back to School Sale,1.2,True,Actual
2025-08-25,2025,Q3,2025-Q3,2025-08,Aug,35,2025-08-25,Mon,False,25,31,Back to School Sale,1.2,True,Actual
2025-08-26,2025,Q3,2025-Q3,2025-08,Aug,35,2025-08-25,Tue,False,26,31,Back to School Sale,1.2,True,Actual
2025-08-27,2025,Q3,2025-Q3,2025-08,Aug,35,2025-08-25,Wed,False,27,31,Back to School Sale,1.2,True,Actual
2025-08-28,2025,Q3,2025-Q3,2025-08,Aug,35,2025-08-25,Thu,False,28,31,Back to School Sale,1.2,True,Actual
2025-08-29,2025,Q3,2025-Q3,2025-08,Aug,35,2025-08-25,Fri,False,29,31,Back to School Sale,1.2,True,Actual
2025-08-30,2025,Q3,2025-Q3,2025-08,Aug,35,2025-08-25,Sat,True,30,31,Back to School Sale,1.2,True,Actual
2025-08-31,2025,Q3,2025-Q3,2025-08,Aug,35,2025-08-25,Sun,True,31,31,Back to School Sale,1.2,True,Actual
2025-09-01,2025,Q3,2025-Q3,2025-09,Sep,36,2025-09-01,Mon,False,1,30,Back to School Sale,1.2,True,Actual
2025-09-02,2025,Q3,2025-Q3,2025-09,Sep,36,2025-09-01,Tue,False,2,30,Back to School Sale,1.2,True,Actual
2025-09-03,2025,Q3,2025-Q3,2025-09,Sep,36,2025-09-01,Wed,False,3,30,Back to School Sale,1.2,True,Actual
2025-09-04,2025,Q3,2025-Q3,2025-09,Sep,36,2025-09-01,Thu,False,4,30,Back to School Sale,1.2,True,Actual
2025-09-05,2025,Q3,2025-Q3,2025-09,Sep,36,2025-09-01,Fri,False,5,30,Back to School Sale,1.2,True,Actual
2025-09-06,2025,Q3,2025-Q3,2025-09,Sep,36,2025-09-01,Sat,True,6,30,Back to School Sale,1.2,True,Actual
2025-09-07,2025,Q3,2025-Q3,2025-09,Sep,36,2025-09-01,Sun,True,7,30,Back to School Sale,1.2,True,Actual
2025-09-08,2025,Q3,2025-Q3,2025-09,Sep,37,2025-09-08,Mon,False,8,30,,1.0,True,Actual
2025-09-09,2025,Q3,2025-Q3,2025-09,Sep,37,2025-09-08,Tue,False,9,30,,1.0,True,Actual
2025-09-10,2025,Q3,2025-Q3,2025-09,Sep,37,2025-09-08,Wed,False,10,30,,1.0,True,Actual
2025-09-11,2025,Q3,2025-Q3,2025-09,Sep,37,2025-09-08,Thu,False,11,30,,1.0,True,Actual
2025-09-12,2025,Q3,2025-Q3,2025-09,Sep,37,2025-09-08,Fri,False,12,30,,1.0,True,Actual
2025-09-13,2025,Q3,2025-Q3,2025-09,Sep,37,2025-09-08,Sat,True,13,30,,1.0,True,Actual
2025-09-14,2025,Q3,2025-Q3,2025-09,Sep,37,2025-09-08,Sun,True,14,30,,1.0,True,Actual
2025-09-15,2025,Q3,2025-Q3,2025-09,Sep,38,2025-09-15,Mon,False,15,30,,1.0,True,Actual
2025-09-16,2025,Q3,2025-Q3,2025-09,Sep,38,2025-09-15,Tue,False,16,30,,1.0,True,Actual
2025-09-17,2025,Q3,2025-Q3,2025-09,Sep,38,2025-09-15,Wed,False,17,30,,1.0,True,Actual
2025-09-18,2025,Q3,2025-Q3,2025-09,Sep,38,2025-09-15,Thu,False,18,30,,1.0,True,Actual
2025-09-19,2025,Q3,2025-Q3,2025-09,Sep,38,2025-09-15,Fri,False,19,30,,1.0,True,Actual
2025-09-20,2025,Q3,2025-Q3,2025-09,Sep,38,2025-09-15,Sat,True,20,30,,1.0,True,Actual
2025-09-21,2025,Q3,2025-Q3,2025-09,Sep,38,2025-09-15,Sun,True,21,30,,1.0,True,Actual
2025-09-22,2025,Q3,2025-Q3,2025-09,Sep,39,2025-09-22,Mon,False,22,30,,1.0,True,Actual
2025-09-23,2025,Q3,2025-Q3,2025-09,Sep,39,2025-09-22,Tue,False,23,30,,1.0,True,Actual
2025-09-24,2025,Q3,2025-Q3,2025-09,Sep,39,2025-09-22,Wed,False,24,30,,1.0,True,Actual
2025-09-25,2025,Q3,2025-Q3,2025-09,Sep,39,2025-09-22,Thu,False,25,30,,1.0,True,Actual
2025-09-26,2025,Q3,2025-Q3,2025-09,Sep,39,2025-09-22,Fri,False,26,30,,1.0,True,Actual
2025-09-27,2025,Q3,2025-Q3,2025-09,Sep,39,2025-09-22,Sat,True,27,30,,1.0,True,Actual
2025-09-28,2025,Q3,2025-Q3,2025-09,Sep,39,2025-09-22,Sun,True,28,30,,1.0,True,Actual
2025-09-29,2025,Q3,2025-Q3,2025-09,Sep,40,2025-09-29,Mon,False,29,30,,1.0,True,Actual
2025-09-30,2025,Q3,2025-Q3,2025-09,Sep,40,2025-09-29,Tue,False,30,30,,1.0,True,Actual
2025-10-01,2025,Q4,2025-Q4,2025-10,Oct,40,2025-09-29,Wed,False,1,31,,1.0,True,Actual
2025-10-02,2025,Q4,2025-Q4,2025-10,Oct,40,2025-09-29,Thu,False,2,31,,1.0,True,Actual
2025-10-03,2025,Q4,2025-Q4,2025-10,Oct,40,2025-09-29,Fri,False,3,31,,1.0,True,Actual
2025-10-04,2025,Q4,2025-Q4,2025-10,Oct,40,2025-09-29,Sat,True,4,31,,1.0,True,Actual
2025-10-05,2025,Q4,2025-Q4,2025-10,Oct,40,2025-09-29,Sun,True,5,31,,1.0,True,Actual
2025-10-06,2025,Q4,2025-Q4,2025-10,Oct,41,2025-10-06,Mon,False,6,31,,1.0,True,Actual
2025-10-07,2025,Q4,2025-Q4,2025-10,Oct,41,2025-10-06,Tue,False,7,31,,1.0,True,Actual
2025-10-08,2025,Q4,2025-Q4,2025-10,Oct,41,2025-10-06,Wed,False,8,31,,1.0,True,Actual
2025-10-09,2025,Q4,2025-Q4,2025-10,Oct,41,2025-10-06,Thu,False,9,31,,1.0,True,Actual
2025-10-10,2025,Q4,2025-Q4,2025-10,Oct,41,2025-10-06,Fri,False,10,31,,1.0,True,Actual
2025-10-11,2025,Q4,2025-Q4,2025-10,Oct,41,2025-10-06,Sat,True,11,31,,1.0,True,Actual
2025-10-12,2025,Q4,2025-Q4,2025-10,Oct,41,2025-10-06,Sun,True,12,31,,1.0,True,Actual
2025-10-13,2025,Q4,2025-Q4,2025-10,Oct,42,2025-10-13,Mon,False,13,31,,1.0,True,Actual
2025-10-14,2025,Q4,2025-Q4,2025-10,Oct,42,2025-10-13,Tue,False,14,31,,1.0,True,Actual
2025-10-15,2025,Q4,2025-Q4,2025-10,Oct,42,2025-10-13,Wed,False,15,31,,1.0,True,Actual
2025-10-16,2025,Q4,2025-Q4,2025-10,Oct,42,2025-10-13,Thu,False,16,31,,1.0,True,Actual
2025-10-17,2025,Q4,2025-Q4,2025-10,Oct,42,2025-10-13,Fri,False,17,31,,1.0,True,Actual
2025-10-18,2025,Q4,2025-Q4,2025-10,Oct,42,2025-10-13,Sat,True,18,31,,1.0,True,Actual
2025-10-19,2025,Q4,2025-Q4,2025-10,Oct,42,2025-10-13,Sun,True,19,31,,1.0,True,Actual
2025-10-20,2025,Q4,2025-Q4,2025-10,Oct,43,2025-10-20,Mon,False,20,31,,1.0,True,Actual
2025-10-21,2025,Q4,2025-Q4,2025-10,Oct,43,2025-10-20,Tue,False,21,31,,1.0,True,Actual
2025-10-22,2025,Q4,2025-Q4,2025-10,Oct,43,2025-10-20,Wed,False,22,31,,1.0,True,Actual
2025-10-23,2025,Q4,2025-Q4,2025-10,Oct,43,2025-10-20,Thu,False,23,31,,1.0,True,Actual
2025-10-24,2025,Q4,2025-Q4,2025-10,Oct,43,2025-10-20,Fri,False,24,31,,1.0,True,Actual
2025-10-25,2025,Q4,2025-Q4,2025-10,Oct,43,2025-10-20,Sat,True,25,31,,1.0,True,Actual
2025-10-26,2025,Q4,2025-Q4,2025-10,Oct,43,2025-10-20,Sun,True,26,31,,1.0,True,Actual
2025-10-27,2025,Q4,2025-Q4,2025-10,Oct,44,2025-10-27,Mon,False,27,31,Halloween Sale,1.25,True,Actual
2025-10-28,2025,Q4,2025-Q4,2025-10,Oct,44,2025-10-27,Tue,False,28,31,Halloween Sale,1.25,True,Actual
2025-10-29,2025,Q4,2025-Q4,2025-10,Oct,44,2025-10-27,Wed,False,29,31,Halloween Sale,1.25,True,Actual
2025-10-30,2025,Q4,2025-Q4,2025-10,Oct,44,2025-10-27,Thu,False,30,31,Halloween Sale,1.25,True,Actual
2025-10-31,2025,Q4,2025-Q4,2025-10,Oct,44,2025-10-27,Fri,False,31,31,Halloween Sale,1.25,True,Actual
2025-11-01,2025,Q4,2025-Q4,2025-11,Nov,44,2025-10-27,Sat,True,1,30,Halloween Sale,1.25,True,Actual
2025-11-02,2025,Q4,2025-Q4,2025-11,Nov,44,2025-10-27,Sun,True,2,30,,1.0,True,Actual
2025-11-03,2025,Q4,2025-Q4,2025-11,Nov,45,2025-11-03,Mon,False,3,30,,1.0,True,Actual
2025-11-04,2025,Q4,2025-Q4,2025-11,Nov,45,2025-11-03,Tue,False,4,30,,1.0,True,Actual
2025-11-05,2025,Q4,2025-Q4,2025-11,Nov,45,2025-11-03,Wed,False,5,30,,1.0,True,Actual
2025-11-06,2025,Q4,2025-Q4,2025-11,Nov,45,2025-11-03,Thu,False,6,30,,1.0,True,Actual
2025-11-07,2025,Q4,2025-Q4,2025-11,Nov,45,2025-11-03,Fri,False,7,30,,1.0,True,Actual
2025-11-08,2025,Q4,2025-Q4,2025-11,Nov,45,2025-11-03,Sat,True,8,30,,1.0,True,Actual
2025-11-09,2025,Q4,2025-Q4,2025-11,Nov,45,2025-11-03,Sun,True,9,30,,1.0,True,Actual
2025-11-10,2025,Q4,2025-Q4,2025-11,Nov,46,2025-11-10,Mon,False,10,30,,1.0,True,Actual
2025-11-11,2025,Q4,2025-Q4,2025-11,Nov,46,2025-11-10,Tue,False,11,30,,1.0,True,Actual
2025-11-12,2025,Q4,2025-Q4,2025-11,Nov,46,2025-11-10,Wed,False,12,30,,1.0,True,Actual
2025-11-13,2025,Q4,2025-Q4,2025-11,Nov,46,2025-11-10,Thu,False,13,30,,1.0,True,Actual
2025-11-14,2025,Q4,2025-Q4,2025-11,Nov,46,2025-11-10,Fri,False,14,30,,1.0,True,Actual
2025-11-15,2025,Q4,2025-Q4,2025-11,Nov,46,2025-11-10,Sat,True,15,30,,1.0,True,Actual
2025-11-16,2025,Q4,2025-Q4,2025-11,Nov,46,2025-11-10,Sun,True,16,30,,1.0,True,Actual
2025-11-17,2025,Q4,2025-Q4,2025-11,Nov,47,2025-11-17,Mon,False,17,30,,1.0,True,Actual
2025-11-18,2025,Q4,2025-Q4,2025-11,Nov,47,2025-11-17,Tue,False,18,30,,1.0,True,Actual
2025-11-19,2025,Q4,2025-Q4,2025-11,Nov,47,2025-11-17,Wed,False,19,30,,1.0,True,Actual
2025-11-20,2025,Q4,2025-Q4,2025-11,Nov,47,2025-11-17,Thu,False,20,30,,1.0,True,Actual
2025-11-21,2025,Q4,2025-Q4,2025-11,Nov,47,2025-11-17,Fri,False,21,30,Black Friday / Cyber Monday,1.85,True,Actual
2025-11-22,2025,Q4,2025-Q4,2025-11,Nov,47,2025-11-17,Sat,True,22,30,Black Friday / Cyber Monday,1.85,True,Actual
2025-11-23,2025,Q4,2025-Q4,2025-11,Nov,47,2025-11-17,Sun,True,23,30,Black Friday / Cyber Monday,1.85,True,Actual
2025-11-24,2025,Q4,2025-Q4,2025-11,Nov,48,2025-11-24,Mon,False,24,30,Black Friday / Cyber Monday,1.85,True,Actual
2025-11-25,2025,Q4,2025-Q4,2025-11,Nov,48,2025-11-24,Tue,False,25,30,Black Friday / Cyber Monday,1.85,True,Actual
2025-11-26,2025,Q4,2025-Q4,2025-11,Nov,48,2025-11-24,Wed,False,26,30,Black Friday / Cyber Monday,1.85,True,Actual
2025-11-27,2025,Q4,2025-Q4,2025-11,Nov,48,2025-11-24,Thu,False,27,30,Black Friday / Cyber Monday,1.85,True,Actual
2025-11-28,2025,Q4,2025-Q4,2025-11,Nov,48,2025-11-24,Fri,False,28,30,Black Friday / Cyber Monday,1.85,True,Actual
2025-11-29,2025,Q4,2025-Q4,2025-11,Nov,48,2025-11-24,Sat,True,29,30,Black Friday / Cyber Monday,1.85,True,Actual
2025-11-30,2025,Q4,2025-Q4,2025-11,Nov,48,2025-11-24,Sun,True,30,30,Black Friday / Cyber Monday,1.85,True,Actual
2025-12-01,2025,Q4,2025-Q4,2025-12,Dec,49,2025-12-01,Mon,False,1,31,Black Friday / Cyber Monday,1.85,True,Actual
2025-12-02,2025,Q4,2025-Q4,2025-12,Dec,49,2025-12-01,Tue,False,2,31,Black Friday / Cyber Monday,1.85,True,Actual
2025-12-03,2025,Q4,2025-Q4,2025-12,Dec,49,2025-12-01,Wed,False,3,31,,1.0,True,Actual
2025-12-04,2025,Q4,2025-Q4,2025-12,Dec,49,2025-12-01,Thu,False,4,31,,1.0,True,Actual
2025-12-05,2025,Q4,2025-Q4,2025-12,Dec,49,2025-12-01,Fri,False,5,31,,1.0,True,Actual
2025-12-06,2025,Q4,2025-Q4,2025-12,Dec,49,2025-12-01,Sat,True,6,31,,1.0,True,Actual
2025-12-07,2025,Q4,2025-Q4,2025-12,Dec,49,2025-12-01,Sun,True,7,31,,1.0,True,Actual
2025-12-08,2025,Q4,2025-Q4,2025-12,Dec,50,2025-12-08,Mon,False,8,31,,1.0,True,Actual
2025-12-09,2025,Q4,2025-Q4,2025-12,Dec,50,2025-12-08,Tue,False,9,31,,1.0,True,Actual
2025-12-10,2025,Q4,2025-Q4,2025-12,Dec,50,2025-12-08,Wed,False,10,31,,1.0,True,Actual
2025-12-11,2025,Q4,2025-Q4,2025-12,Dec,50,2025-12-08,Thu,False,11,31,,1.0,True,Actual
2025-12-12,2025,Q4,2025-Q4,2025-12,Dec,50,2025-12-08,Fri,False,12,31,,1.0,True,Actual
2025-12-13,2025,Q4,2025-Q4,2025-12,Dec,50,2025-12-08,Sat,True,13,31,,1.0,True,Actual
2025-12-14,2025,Q4,2025-Q4,2025-12,Dec,50,2025-12-08,Sun,True,14,31,,1.0,True,Actual
2025-12-15,2025,Q4,2025-Q4,2025-12,Dec,51,2025-12-15,Mon,False,15,31,,1.0,True,Actual
2025-12-16,2025,Q4,2025-Q4,2025-12,Dec,51,2025-12-15,Tue,False,16,31,,1.0,True,Actual
2025-12-17,2025,Q4,2025-Q4,2025-12,Dec,51,2025-12-15,Wed,False,17,31,,1.0,True,Actual
2025-12-18,2025,Q4,2025-Q4,2025-12,Dec,51,2025-12-15,Thu,False,18,31,,1.0,True,Actual
2025-12-19,2025,Q4,2025-Q4,2025-12,Dec,51,2025-12-15,Fri,False,19,31,,1.0,True,Actual
2025-12-20,2025,Q4,2025-Q4,2025-12,Dec,51,2025-12-15,Sat,True,20,31,,1.0,True,Actual
2025-12-21,2025,Q4,2025-Q4,2025-12,Dec,51,2025-12-15,Sun,True,21,31,,1.0,True,Actual
2025-12-22,2025,Q4,2025-Q4,2025-12,Dec,52,2025-12-22,Mon,False,22,31,,1.0,True,Actual
2025-12-23,2025,Q4,2025-Q4,2025-12,Dec,52,2025-12-22,Tue,False,23,31,,1.0,True,Actual
2025-12-24,2025,Q4,2025-Q4,2025-12,Dec,52,2025-12-22,Wed,False,24,31,,1.0,True,Actual
2025-12-25,2025,Q4,2025-Q4,2025-12,Dec,52,2025-12-22,Thu,False,25,31,,1.0,True,Actual
2025-12-26,2025,Q4,2025-Q4,2025-12,Dec,52,2025-12-22,Fri,False,26,31,New Year Sale,1.3,True,Actual
2025-12-27,2025,Q4,2025-Q4,2025-12,Dec,52,2025-12-22,Sat,True,27,31,New Year Sale,1.3,True,Actual
2025-12-28,2025,Q4,2025-Q4,2025-12,Dec,52,2025-12-22,Sun,True,28,31,New Year Sale,1.3,True,Actual
2025-12-29,2025,Q4,2025-Q4,2025-12,Dec,1,2025-12-29,Mon,False,29,31,New Year Sale,1.3,True,Actual
2025-12-30,2025,Q4,2025-Q4,2025-12,Dec,1,2025-12-29,Tue,False,30,31,New Year Sale,1.3,True,Actual
2025-12-31,2025,Q4,2025-Q4,2025-12,Dec,1,2025-12-29,Wed,False,31,31,New Year Sale,1.3,True,Actual
2026-01-01,2026,Q1,2026-Q1,2026-01,Jan,1,2025-12-29,Thu,False,1,31,New Year Sale,1.3,True,Actual
2026-01-02,2026,Q1,2026-Q1,2026-01,Jan,1,2025-12-29,Fri,False,2,31,New Year Sale,1.3,True,Actual
2026-01-03,2026,Q1,2026-Q1,2026-01,Jan,1,2025-12-29,Sat,True,3,31,New Year Sale,1.3,True,Actual
2026-01-04,2026,Q1,2026-Q1,2026-01,Jan,1,2025-12-29,Sun,True,4,31,New Year Sale,1.3,True,Actual
2026-01-05,2026,Q1,2026-Q1,2026-01,Jan,2,2026-01-05,Mon,False,5,31,New Year Sale,1.3,True,Actual
2026-01-06,2026,Q1,2026-Q1,2026-01,Jan,2,2026-01-05,Tue,False,6,31,New Year Sale,1.3,True,Actual
2026-01-07,2026,Q1,2026-Q1,2026-01,Jan,2,2026-01-05,Wed,False,7,31,,1.0,True,Actual
2026-01-08,2026,Q1,2026-Q1,2026-01,Jan,2,2026-01-05,Thu,False,8,31,,1.0,True,Actual
2026-01-09,2026,Q1,2026-Q1,2026-01,Jan,2,2026-01-05,Fri,False,9,31,,1.0,True,Actual
2026-01-10,2026,Q1,2026-Q1,2026-01,Jan,2,2026-01-05,Sat,True,10,31,,1.0,True,Actual
2026-01-11,2026,Q1,2026-Q1,2026-01,Jan,2,2026-01-05,Sun,True,11,31,,1.0,True,Actual
2026-01-12,2026,Q1,2026-Q1,2026-01,Jan,3,2026-01-12,Mon,False,12,31,,1.0,True,Actual
2026-01-13,2026,Q1,2026-Q1,2026-01,Jan,3,2026-01-12,Tue,False,13,31,,1.0,True,Actual
2026-01-14,2026,Q1,2026-Q1,2026-01,Jan,3,2026-01-12,Wed,False,14,31,,1.0,True,Actual
2026-01-15,2026,Q1,2026-Q1,2026-01,Jan,3,2026-01-12,Thu,False,15,31,,1.0,True,Actual
2026-01-16,2026,Q1,2026-Q1,2026-01,Jan,3,2026-01-12,Fri,False,16,31,,1.0,True,Actual
2026-01-17,2026,Q1,2026-Q1,2026-01,Jan,3,2026-01-12,Sat,True,17,31,,1.0,True,Actual
2026-01-18,2026,Q1,2026-Q1,2026-01,Jan,3,2026-01-12,Sun,True,18,31,,1.0,True,Actual
2026-01-19,2026,Q1,2026-Q1,2026-01,Jan,4,2026-01-19,Mon,False,19,31,,1.0,True,Actual
2026-01-20,2026,Q1,2026-Q1,2026-01,Jan,4,2026-01-19,Tue,False,20,31,,1.0,True,Actual
2026-01-21,2026,Q1,2026-Q1,2026-01,Jan,4,2026-01-19,Wed,False,21,31,,1.0,True,Actual
2026-01-22,2026,Q1,2026-Q1,2026-01,Jan,4,2026-01-19,Thu,False,22,31,,1.0,True,Actual
2026-01-23,2026,Q1,2026-Q1,2026-01,Jan,4,2026-01-19,Fri,False,23,31,,1.0,True,Actual
2026-01-24,2026,Q1,2026-Q1,2026-01,Jan,4,2026-01-19,Sat,True,24,31,,1.0,True,Actual
2026-01-25,2026,Q1,2026-Q1,2026-01,Jan,4,2026-01-19,Sun,True,25,31,,1.0,True,Actual
2026-01-26,2026,Q1,2026-Q1,2026-01,Jan,5,2026-01-26,Mon,False,26,31,,1.0,True,Actual
2026-01-27,2026,Q1,2026-Q1,2026-01,Jan,5,2026-01-26,Tue,False,27,31,,1.0,True,Actual
2026-01-28,2026,Q1,2026-Q1,2026-01,Jan,5,2026-01-26,Wed,False,28,31,,1.0,True,Actual
2026-01-29,2026,Q1,2026-Q1,2026-01,Jan,5,2026-01-26,Thu,False,29,31,,1.0,True,Actual
2026-01-30,2026,Q1,2026-Q1,2026-01,Jan,5,2026-01-26,Fri,False,30,31,,1.0,True,Actual
2026-01-31,2026,Q1,2026-Q1,2026-01,Jan,5,2026-01-26,Sat,True,31,31,,1.0,True,Actual
2026-02-01,2026,Q1,2026-Q1,2026-02,Feb,5,2026-01-26,Sun,True,1,28,,1.0,True,Actual
2026-02-02,2026,Q1,2026-Q1,2026-02,Feb,6,2026-02-02,Mon,False,2,28,,1.0,True,Actual
2026-02-03,2026,Q1,2026-Q1,2026-02,Feb,6,2026-02-02,Tue,False,3,28,,1.0,True,Actual
2026-02-04,2026,Q1,2026-Q1,2026-02,Feb,6,2026-02-02,Wed,False,4,28,,1.0,True,Actual
2026-02-05,2026,Q1,2026-Q1,2026-02,Feb,6,2026-02-02,Thu,False,5,28,,1.0,True,Actual
2026-02-06,2026,Q1,2026-Q1,2026-02,Feb,6,2026-02-02,Fri,False,6,28,Valentine's Sale,1.45,True,Actual
2026-02-07,2026,Q1,2026-Q1,2026-02,Feb,6,2026-02-02,Sat,True,7,28,Valentine's Sale,1.45,True,Actual
2026-02-08,2026,Q1,2026-Q1,2026-02,Feb,6,2026-02-02,Sun,True,8,28,Valentine's Sale,1.45,True,Actual
2026-02-09,2026,Q1,2026-Q1,2026-02,Feb,7,2026-02-09,Mon,False,9,28,Valentine's Sale,1.45,True,Actual
2026-02-10,2026,Q1,2026-Q1,2026-02,Feb,7,2026-02-09,Tue,False,10,28,Valentine's Sale,1.45,True,Actual
2026-02-11,2026,Q1,2026-Q1,2026-02,Feb,7,2026-02-09,Wed,False,11,28,Valentine's Sale,1.45,True,Actual
2026-02-12,2026,Q1,2026-Q1,2026-02,Feb,7,2026-02-09,Thu,False,12,28,Valentine's Sale,1.45,True,Actual
2026-02-13,2026,Q1,2026-Q1,2026-02,Feb,7,2026-02-09,Fri,False,13,28,Valentine's Sale,1.45,True,Actual
2026-02-14,2026,Q1,2026-Q1,2026-02,Feb,7,2026-02-09,Sat,True,14,28,Valentine's Sale,1.45,True,Actual
2026-02-15,2026,Q1,2026-Q1,2026-02,Feb,7,2026-02-09,Sun,True,15,28,Valentine's Sale,1.45,True,Actual
2026-02-16,2026,Q1,2026-Q1,2026-02,Feb,8,2026-02-16,Mon,False,16,28,,1.0,True,Actual
2026-02-17,2026,Q1,2026-Q1,2026-02,Feb,8,2026-02-16,Tue,False,17,28,,1.0,True,Actual
2026-02-18,2026,Q1,2026-Q1,2026-02,Feb,8,2026-02-16,Wed,False,18,28,,1.0,True,Actual
2026-02-19,2026,Q1,2026-Q1,2026-02,Feb,8,2026-02-16,Thu,False,19,28,,1.0,True,Actual
2026-02-20,2026,Q1,2026-Q1,2026-02,Feb,8,2026-02-16,Fri,False,20,28,,1.0,True,Actual
2026-02-21,2026,Q1,2026-Q1,2026-02,Feb,8,2026-02-16,Sat,True,21,28,,1.0,True,Actual
2026-02-22,2026,Q1,2026-Q1,2026-02,Feb,8,2026-02-16,Sun,True,22,28,,1.0,True,Actual
2026-02-23,2026,Q1,2026-Q1,2026-02,Feb,9,2026-02-23,Mon,False,23,28,,1.0,True,Actual
2026-02-24,2026,Q1,2026-Q1,2026-02,Feb,9,2026-02-23,Tue,False,24,28,,1.0,True,Actual
2026-02-25,2026,Q1,2026-Q1,2026-02,Feb,9,2026-02-23,Wed,False,25,28,,1.0,True,Actual
2026-02-26,2026,Q1,2026-Q1,2026-02,Feb,9,2026-02-23,Thu,False,26,28,,1.0,True,Actual
2026-02-27,2026,Q1,2026-Q1,2026-02,Feb,9,2026-02-23,Fri,False,27,28,,1.0,True,Actual
2026-02-28,2026,Q1,2026-Q1,2026-02,Feb,9,2026-02-23,Sat,True,28,28,,1.0,True,Actual
2026-03-01,2026,Q1,2026-Q1,2026-03,Mar,9,2026-02-23,Sun,True,1,31,,1.0,True,Actual
2026-03-02,2026,Q1,2026-Q1,2026-03,Mar,10,2026-03-02,Mon,False,2,31,,1.0,True,Actual
2026-03-03,2026,Q1,2026-Q1,2026-03,Mar,10,2026-03-02,Tue,False,3,31,,1.0,True,Actual
2026-03-04,2026,Q1,2026-Q1,2026-03,Mar,10,2026-03-02,Wed,False,4,31,,1.0,True,Actual
2026-03-05,2026,Q1,2026-Q1,2026-03,Mar,10,2026-03-02,Thu,False,5,31,,1.0,True,Actual
2026-03-06,2026,Q1,2026-Q1,2026-03,Mar,10,2026-03-02,Fri,False,6,31,,1.0,True,Actual
2026-03-07,2026,Q1,2026-Q1,2026-03,Mar,10,2026-03-02,Sat,True,7,31,,1.0,True,Actual
2026-03-08,2026,Q1,2026-Q1,2026-03,Mar,10,2026-03-02,Sun,True,8,31,,1.0,True,Actual
2026-03-09,2026,Q1,2026-Q1,2026-03,Mar,11,2026-03-09,Mon,False,9,31,,1.0,True,Actual
2026-03-10,2026,Q1,2026-Q1,2026-03,Mar,11,2026-03-09,Tue,False,10,31,,1.0,True,Actual
2026-03-11,2026,Q1,2026-Q1,2026-03,Mar,11,2026-03-09,Wed,False,11,31,,1.0,True,Actual
2026-03-12,2026,Q1,2026-Q1,2026-03,Mar,11,2026-03-09,Thu,False,12,31,,1.0,True,Actual
2026-03-13,2026,Q1,2026-Q1,2026-03,Mar,11,2026-03-09,Fri,False,13,31,,1.0,True,Actual
2026-03-14,2026,Q1,2026-Q1,2026-03,Mar,11,2026-03-09,Sat,True,14,31,,1.0,True,Actual
2026-03-15,2026,Q1,2026-Q1,2026-03,Mar,11,2026-03-09,Sun,True,15,31,,1.0,True,Actual
2026-03-16,2026,Q1,2026-Q1,2026-03,Mar,12,2026-03-16,Mon,False,16,31,,1.0,True,Actual
2026-03-17,2026,Q1,2026-Q1,2026-03,Mar,12,2026-03-16,Tue,False,17,31,,1.0,True,Actual
2026-03-18,2026,Q1,2026-Q1,2026-03,Mar,12,2026-03-16,Wed,False,18,31,,1.0,True,Actual
2026-03-19,2026,Q1,2026-Q1,2026-03,Mar,12,2026-03-16,Thu,False,19,31,,1.0,True,Actual
2026-03-20,2026,Q1,2026-Q1,2026-03,Mar,12,2026-03-16,Fri,False,20,31,,1.0,True,Actual
2026-03-21,2026,Q1,2026-Q1,2026-03,Mar,12,2026-03-16,Sat,True,21,31,,1.0,True,Actual
2026-03-22,2026,Q1,2026-Q1,2026-03,Mar,12,2026-03-16,Sun,True,22,31,,1.0,True,Actual
2026-03-23,2026,Q1,2026-Q1,2026-03,Mar,13,2026-03-23,Mon,False,23,31,,1.0,True,Actual
2026-03-24,2026,Q1,2026-Q1,2026-03,Mar,13,2026-03-23,Tue,False,24,31,,1.0,True,Actual
2026-03-25,2026,Q1,2026-Q1,2026-03,Mar,13,2026-03-23,Wed,False,25,31,,1.0,True,Actual
2026-03-26,2026,Q1,2026-Q1,2026-03,Mar,13,2026-03-23,Thu,False,26,31,,1.0,True,Actual
2026-03-27,2026,Q1,2026-Q1,2026-03,Mar,13,2026-03-23,Fri,False,27,31,,1.0,True,Actual
2026-03-28,2026,Q1,2026-Q1,2026-03,Mar,13,2026-03-23,Sat,True,28,31,,1.0,True,Actual
2026-03-29,2026,Q1,2026-Q1,2026-03,Mar,13,2026-03-23,Sun,True,29,31,,1.0,True,Actual
2026-03-30,2026,Q1,2026-Q1,2026-03,Mar,14,2026-03-30,Mon,False,30,31,,1.0,True,Actual
2026-03-31,2026,Q1,2026-Q1,2026-03,Mar,14,2026-03-30,Tue,False,31,31,,1.0,True,Actual
2026-04-01,2026,Q2,2026-Q2,2026-04,Apr,14,2026-03-30,Wed,False,1,30,,1.0,True,Actual
2026-04-02,2026,Q2,2026-Q2,2026-04,Apr,14,2026-03-30,Thu,False,2,30,,1.0,True,Actual
2026-04-03,2026,Q2,2026-Q2,2026-04,Apr,14,2026-03-30,Fri,False,3,30,,1.0,True,Actual
2026-04-04,2026,Q2,2026-Q2,2026-04,Apr,14,2026-03-30,Sat,True,4,30,,1.0,True,Actual
2026-04-05,2026,Q2,2026-Q2,2026-04,Apr,14,2026-03-30,Sun,True,5,30,,1.0,True,Actual
2026-04-06,2026,Q2,2026-Q2,2026-04,Apr,15,2026-04-06,Mon,False,6,30,,1.0,True,Actual
2026-04-07,2026,Q2,2026-Q2,2026-04,Apr,15,2026-04-06,Tue,False,7,30,,1.0,True,Actual
2026-04-08,2026,Q2,2026-Q2,2026-04,Apr,15,2026-04-06,Wed,False,8,30,,1.0,True,Actual
2026-04-09,2026,Q2,2026-Q2,2026-04,Apr,15,2026-04-06,Thu,False,9,30,,1.0,True,Actual
2026-04-10,2026,Q2,2026-Q2,2026-04,Apr,15,2026-04-06,Fri,False,10,30,,1.0,True,Actual
2026-04-11,2026,Q2,2026-Q2,2026-04,Apr,15,2026-04-06,Sat,True,11,30,,1.0,True,Actual
2026-04-12,2026,Q2,2026-Q2,2026-04,Apr,15,2026-04-06,Sun,True,12,30,,1.0,True,Actual
2026-04-13,2026,Q2,2026-Q2,2026-04,Apr,16,2026-04-13,Mon,False,13,30,,1.0,True,Actual
2026-04-14,2026,Q2,2026-Q2,2026-04,Apr,16,2026-04-13,Tue,False,14,30,,1.0,True,Actual
2026-04-15,2026,Q2,2026-Q2,2026-04,Apr,16,2026-04-13,Wed,False,15,30,,1.0,True,Actual
2026-04-16,2026,Q2,2026-Q2,2026-04,Apr,16,2026-04-13,Thu,False,16,30,,1.0,True,Actual
2026-04-17,2026,Q2,2026-Q2,2026-04,Apr,16,2026-04-13,Fri,False,17,30,Spring Sale,1.2,True,Actual
2026-04-18,2026,Q2,2026-Q2,2026-04,Apr,16,2026-04-13,Sat,True,18,30,Spring Sale,1.2,True,Actual
2026-04-19,2026,Q2,2026-Q2,2026-04,Apr,16,2026-04-13,Sun,True,19,30,Spring Sale,1.2,True,Actual
2026-04-20,2026,Q2,2026-Q2,2026-04,Apr,17,2026-04-20,Mon,False,20,30,Spring Sale,1.2,True,Actual
2026-04-21,2026,Q2,2026-Q2,2026-04,Apr,17,2026-04-20,Tue,False,21,30,Spring Sale,1.2,True,Actual
2026-04-22,2026,Q2,2026-Q2,2026-04,Apr,17,2026-04-20,Wed,False,22,30,Spring Sale,1.2,True,Actual
2026-04-23,2026,Q2,2026-Q2,2026-04,Apr,17,2026-04-20,Thu,False,23,30,Spring Sale,1.2,True,Actual
2026-04-24,2026,Q2,2026-Q2,2026-04,Apr,17,2026-04-20,Fri,False,24,30,Spring Sale,1.2,True,Actual
2026-04-25,2026,Q2,2026-Q2,2026-04,Apr,17,2026-04-20,Sat,True,25,30,Spring Sale,1.2,True,Actual
2026-04-26,2026,Q2,2026-Q2,2026-04,Apr,17,2026-04-20,Sun,True,26,30,Spring Sale,1.2,True,Actual
2026-04-27,2026,Q2,2026-Q2,2026-04,Apr,18,2026-04-27,Mon,False,27,30,,1.0,True,Actual
2026-04-28,2026,Q2,2026-Q2,2026-04,Apr,18,2026-04-27,Tue,False,28,30,,1.0,True,Actual
2026-04-29,2026,Q2,2026-Q2,2026-04,Apr,18,2026-04-27,Wed,False,29,30,,1.0,True,Actual
2026-04-30,2026,Q2,2026-Q2,2026-04,Apr,18,2026-04-27,Thu,False,30,30,,1.0,True,Actual
2026-05-01,2026,Q2,2026-Q2,2026-05,May,18,2026-04-27,Fri,False,1,31,,1.0,True,Actual
2026-05-02,2026,Q2,2026-Q2,2026-05,May,18,2026-04-27,Sat,True,2,31,,1.0,True,Actual
2026-05-03,2026,Q2,2026-Q2,2026-05,May,18,2026-04-27,Sun,True,3,31,,1.0,True,Actual
2026-05-04,2026,Q2,2026-Q2,2026-05,May,19,2026-05-04,Mon,False,4,31,,1.0,True,Actual
2026-05-05,2026,Q2,2026-Q2,2026-05,May,19,2026-05-04,Tue,False,5,31,,1.0,True,Actual
2026-05-06,2026,Q2,2026-Q2,2026-05,May,19,2026-05-04,Wed,False,6,31,,1.0,True,Actual
2026-05-07,2026,Q2,2026-Q2,2026-05,May,19,2026-05-04,Thu,False,7,31,,1.0,True,Actual
2026-05-08,2026,Q2,2026-Q2,2026-05,May,19,2026-05-04,Fri,False,8,31,,1.0,True,Actual
2026-05-09,2026,Q2,2026-Q2,2026-05,May,19,2026-05-04,Sat,True,9,31,,1.0,True,Actual
2026-05-10,2026,Q2,2026-Q2,2026-05,May,19,2026-05-04,Sun,True,10,31,,1.0,True,Actual
2026-05-11,2026,Q2,2026-Q2,2026-05,May,20,2026-05-11,Mon,False,11,31,,1.0,True,Actual
2026-05-12,2026,Q2,2026-Q2,2026-05,May,20,2026-05-11,Tue,False,12,31,,1.0,True,Actual
2026-05-13,2026,Q2,2026-Q2,2026-05,May,20,2026-05-11,Wed,False,13,31,,1.0,True,Actual
2026-05-14,2026,Q2,2026-Q2,2026-05,May,20,2026-05-11,Thu,False,14,31,,1.0,True,Actual
2026-05-15,2026,Q2,2026-Q2,2026-05,May,20,2026-05-11,Fri,False,15,31,,1.0,True,Actual
2026-05-16,2026,Q2,2026-Q2,2026-05,May,20,2026-05-11,Sat,True,16,31,,1.0,True,Actual
2026-05-17,2026,Q2,2026-Q2,2026-05,May,20,2026-05-11,Sun,True,17,31,,1.0,True,Actual
2026-05-18,2026,Q2,2026-Q2,2026-05,May,21,2026-05-18,Mon,False,18,31,,1.0,True,Actual
2026-05-19,2026,Q2,2026-Q2,2026-05,May,21,2026-05-18,Tue,False,19,31,,1.0,True,Actual
2026-05-20,2026,Q2,2026-Q2,2026-05,May,21,2026-05-18,Wed,False,20,31,,1.0,True,Actual
2026-05-21,2026,Q2,2026-Q2,2026-05,May,21,2026-05-18,Thu,False,21,31,,1.0,True,Actual
2026-05-22,2026,Q2,2026-Q2,2026-05,May,21,2026-05-18,Fri,False,22,31,,1.0,True,Actual
2026-05-23,2026,Q2,2026-Q2,2026-05,May,21,2026-05-18,Sat,True,23,31,,1.0,True,Actual
2026-05-24,2026,Q2,2026-Q2,2026-05,May,21,2026-05-18,Sun,True,24,31,,1.0,True,Actual
2026-05-25,2026,Q2,2026-Q2,2026-05,May,22,2026-05-25,Mon,False,25,31,,1.0,True,Actual
2026-05-26,2026,Q2,2026-Q2,2026-05,May,22,2026-05-25,Tue,False,26,31,,1.0,True,Actual
2026-05-27,2026,Q2,2026-Q2,2026-05,May,22,2026-05-25,Wed,False,27,31,,1.0,True,Actual
2026-05-28,2026,Q2,2026-Q2,2026-05,May,22,2026-05-25,Thu,False,28,31,,1.0,True,Actual
2026-05-29,2026,Q2,2026-Q2,2026-05,May,22,2026-05-25,Fri,False,29,31,,1.0,True,Actual
2026-05-30,2026,Q2,2026-Q2,2026-05,May,22,2026-05-25,Sat,True,30,31,,1.0,True,Actual
2026-05-31,2026,Q2,2026-Q2,2026-05,May,22,2026-05-25,Sun,True,31,31,,1.0,True,Actual
2026-06-01,2026,Q2,2026-Q2,2026-06,Jun,23,2026-06-01,Mon,False,1,30,,1.0,True,Actual
2026-06-02,2026,Q2,2026-Q2,2026-06,Jun,23,2026-06-01,Tue,False,2,30,,1.0,True,Actual
2026-06-03,2026,Q2,2026-Q2,2026-06,Jun,23,2026-06-01,Wed,False,3,30,,1.0,True,Actual
2026-06-04,2026,Q2,2026-Q2,2026-06,Jun,23,2026-06-01,Thu,False,4,30,,1.0,True,Actual
2026-06-05,2026,Q2,2026-Q2,2026-06,Jun,23,2026-06-01,Fri,False,5,30,,1.0,True,Actual
2026-06-06,2026,Q2,2026-Q2,2026-06,Jun,23,2026-06-01,Sat,True,6,30,,1.0,True,Actual
2026-06-07,2026,Q2,2026-Q2,2026-06,Jun,23,2026-06-01,Sun,True,7,30,,1.0,True,Actual
2026-06-08,2026,Q2,2026-Q2,2026-06,Jun,24,2026-06-08,Mon,False,8,30,,1.0,True,Actual
2026-06-09,2026,Q2,2026-Q2,2026-06,Jun,24,2026-06-08,Tue,False,9,30,,1.0,True,Actual
2026-06-10,2026,Q2,2026-Q2,2026-06,Jun,24,2026-06-08,Wed,False,10,30,,1.0,True,Actual
2026-06-11,2026,Q2,2026-Q2,2026-06,Jun,24,2026-06-08,Thu,False,11,30,,1.0,True,Actual
2026-06-12,2026,Q2,2026-Q2,2026-06,Jun,24,2026-06-08,Fri,False,12,30,,1.0,True,Actual
2026-06-13,2026,Q2,2026-Q2,2026-06,Jun,24,2026-06-08,Sat,True,13,30,,1.0,True,Actual
2026-06-14,2026,Q2,2026-Q2,2026-06,Jun,24,2026-06-08,Sun,True,14,30,,1.0,True,Actual
2026-06-15,2026,Q2,2026-Q2,2026-06,Jun,25,2026-06-15,Mon,False,15,30,,1.0,True,Actual
2026-06-16,2026,Q2,2026-Q2,2026-06,Jun,25,2026-06-15,Tue,False,16,30,,1.0,True,Actual
2026-06-17,2026,Q2,2026-Q2,2026-06,Jun,25,2026-06-15,Wed,False,17,30,,1.0,True,Actual
2026-06-18,2026,Q2,2026-Q2,2026-06,Jun,25,2026-06-15,Thu,False,18,30,,1.0,True,Actual
2026-06-19,2026,Q2,2026-Q2,2026-06,Jun,25,2026-06-15,Fri,False,19,30,,1.0,True,Actual
2026-06-20,2026,Q2,2026-Q2,2026-06,Jun,25,2026-06-15,Sat,True,20,30,,1.0,True,Actual
2026-06-21,2026,Q2,2026-Q2,2026-06,Jun,25,2026-06-15,Sun,True,21,30,,1.0,True,Actual
2026-06-22,2026,Q2,2026-Q2,2026-06,Jun,26,2026-06-22,Mon,False,22,30,,1.0,True,Actual
2026-06-23,2026,Q2,2026-Q2,2026-06,Jun,26,2026-06-22,Tue,False,23,30,,1.0,True,Actual
2026-06-24,2026,Q2,2026-Q2,2026-06,Jun,26,2026-06-22,Wed,False,24,30,,1.0,True,Actual
2026-06-25,2026,Q2,2026-Q2,2026-06,Jun,26,2026-06-22,Thu,False,25,30,,1.0,True,Actual
2026-06-26,2026,Q2,2026-Q2,2026-06,Jun,26,2026-06-22,Fri,False,26,30,,1.0,True,Actual
2026-06-27,2026,Q2,2026-Q2,2026-06,Jun,26,2026-06-22,Sat,True,27,30,,1.0,True,Actual
2026-06-28,2026,Q2,2026-Q2,2026-06,Jun,26,2026-06-22,Sun,True,28,30,,1.0,True,Actual
2026-06-29,2026,Q2,2026-Q2,2026-06,Jun,27,2026-06-29,Mon,False,29,30,,1.0,True,Actual
2026-06-30,2026,Q2,2026-Q2,2026-06,Jun,27,2026-06-29,Tue,False,30,30,,1.0,True,Actual
2026-07-01,2026,Q3,2026-Q3,2026-07,Jul,27,2026-06-29,Wed,False,1,31,Summer Sale,1.25,True,Actual
2026-07-02,2026,Q3,2026-Q3,2026-07,Jul,27,2026-06-29,Thu,False,2,31,Summer Sale,1.25,True,Actual
2026-07-03,2026,Q3,2026-Q3,2026-07,Jul,27,2026-06-29,Fri,False,3,31,Summer Sale,1.25,True,Actual
2026-07-04,2026,Q3,2026-Q3,2026-07,Jul,27,2026-06-29,Sat,True,4,31,Summer Sale,1.25,True,Actual
2026-07-05,2026,Q3,2026-Q3,2026-07,Jul,27,2026-06-29,Sun,True,5,31,Summer Sale,1.25,True,Actual
2026-07-06,2026,Q3,2026-Q3,2026-07,Jul,28,2026-07-06,Mon,False,6,31,Summer Sale,1.25,True,Actual
2026-07-07,2026,Q3,2026-Q3,2026-07,Jul,28,2026-07-06,Tue,False,7,31,Summer Sale,1.25,True,Actual
2026-07-08,2026,Q3,2026-Q3,2026-07,Jul,28,2026-07-06,Wed,False,8,31,Summer Sale,1.25,True,Actual
2026-07-09,2026,Q3,2026-Q3,2026-07,Jul,28,2026-07-06,Thu,False,9,31,Summer Sale,1.25,True,Actual
2026-07-10,2026,Q3,2026-Q3,2026-07,Jul,28,2026-07-06,Fri,False,10,31,Summer Sale,1.25,True,Actual
2026-07-11,2026,Q3,2026-Q3,2026-07,Jul,28,2026-07-06,Sat,True,11,31,,1.0,True,Actual
2026-07-12,2026,Q3,2026-Q3,2026-07,Jul,28,2026-07-06,Sun,True,12,31,,1.0,True,Actual
2026-07-13,2026,Q3,2026-Q3,2026-07,Jul,29,2026-07-13,Mon,False,13,31,,1.0,True,Actual
2026-07-14,2026,Q3,2026-Q3,2026-07,Jul,29,2026-07-13,Tue,False,14,31,,1.0,True,Actual
2026-07-15,2026,Q3,2026-Q3,2026-07,Jul,29,2026-07-13,Wed,False,15,31,,1.0,True,Actual
2026-07-16,2026,Q3,2026-Q3,2026-07,Jul,29,2026-07-13,Thu,False,16,31,,1.0,True,Actual
2026-07-17,2026,Q3,2026-Q3,2026-07,Jul,29,2026-07-13,Fri,False,17,31,,1.0,True,Actual
2026-07-18,2026,Q3,2026-Q3,2026-07,Jul,29,2026-07-13,Sat,True,18,31,,1.0,True,Actual
2026-07-19,2026,Q3,2026-Q3,2026-07,Jul,29,2026-07-13,Sun,True,19,31,,1.0,True,Actual
2026-07-20,2026,Q3,2026-Q3,2026-07,Jul,30,2026-07-20,Mon,False,20,31,,1.0,True,Actual
2026-07-21,2026,Q3,2026-Q3,2026-07,Jul,30,2026-07-20,Tue,False,21,31,,1.0,True,Actual
2026-07-22,2026,Q3,2026-Q3,2026-07,Jul,30,2026-07-20,Wed,False,22,31,,1.0,True,Actual
2026-07-23,2026,Q3,2026-Q3,2026-07,Jul,30,2026-07-20,Thu,False,23,31,,1.0,True,Actual
2026-07-24,2026,Q3,2026-Q3,2026-07,Jul,30,2026-07-20,Fri,False,24,31,,1.0,True,Actual
2026-07-25,2026,Q3,2026-Q3,2026-07,Jul,30,2026-07-20,Sat,True,25,31,,1.0,True,Actual
2026-07-26,2026,Q3,2026-Q3,2026-07,Jul,30,2026-07-20,Sun,True,26,31,,1.0,True,Actual
2026-07-27,2026,Q3,2026-Q3,2026-07,Jul,31,2026-07-27,Mon,False,27,31,,1.0,True,Actual
2026-07-28,2026,Q3,2026-Q3,2026-07,Jul,31,2026-07-27,Tue,False,28,31,,1.0,True,Actual
2026-07-29,2026,Q3,2026-Q3,2026-07,Jul,31,2026-07-27,Wed,False,29,31,,1.0,True,Actual
2026-07-30,2026,Q3,2026-Q3,2026-07,Jul,31,2026-07-27,Thu,False,30,31,,1.0,True,Actual
2026-07-31,2026,Q3,2026-Q3,2026-07,Jul,31,2026-07-27,Fri,False,31,31,,1.0,True,Actual
2026-08-01,2026,Q3,2026-Q3,2026-08,Aug,31,2026-07-27,Sat,True,1,31,,1.0,True,Actual
2026-08-02,2026,Q3,2026-Q3,2026-08,Aug,31,2026-07-27,Sun,True,2,31,,1.0,True,Actual
2026-08-03,2026,Q3,2026-Q3,2026-08,Aug,32,2026-08-03,Mon,False,3,31,,1.0,True,Actual
2026-08-04,2026,Q3,2026-Q3,2026-08,Aug,32,2026-08-03,Tue,False,4,31,,1.0,True,Actual
2026-08-05,2026,Q3,2026-Q3,2026-08,Aug,32,2026-08-03,Wed,False,5,31,,1.0,True,Actual
2026-08-06,2026,Q3,2026-Q3,2026-08,Aug,32,2026-08-03,Thu,False,6,31,,1.0,True,Actual
2026-08-07,2026,Q3,2026-Q3,2026-08,Aug,32,2026-08-03,Fri,False,7,31,,1.0,True,Actual
2026-08-08,2026,Q3,2026-Q3,2026-08,Aug,32,2026-08-03,Sat,True,8,31,,1.0,True,Actual
2026-08-09,2026,Q3,2026-Q3,2026-08,Aug,32,2026-08-03,Sun,True,9,31,,1.0,True,Actual
2026-08-10,2026,Q3,2026-Q3,2026-08,Aug,33,2026-08-10,Mon,False,10,31,,1.0,True,Actual
2026-08-11,2026,Q3,2026-Q3,2026-08,Aug,33,2026-08-10,Tue,False,11,31,,1.0,True,Actual
2026-08-12,2026,Q3,2026-Q3,2026-08,Aug,33,2026-08-10,Wed,False,12,31,,1.0,True,Actual
2026-08-13,2026,Q3,2026-Q3,2026-08,Aug,33,2026-08-10,Thu,False,13,31,,1.0,True,Actual
2026-08-14,2026,Q3,2026-Q3,2026-08,Aug,33,2026-08-10,Fri,False,14,31,,1.0,True,Actual
2026-08-15,2026,Q3,2026-Q3,2026-08,Aug,33,2026-08-10,Sat,True,15,31,,1.0,True,Actual
2026-08-16,2026,Q3,2026-Q3,2026-08,Aug,33,2026-08-10,Sun,True,16,31,,1.0,True,Actual
2026-08-17,2026,Q3,2026-Q3,2026-08,Aug,34,2026-08-17,Mon,False,17,31,,1.0,True,Actual
2026-08-18,2026,Q3,2026-Q3,2026-08,Aug,34,2026-08-17,Tue,False,18,31,,1.0,True,Actual
2026-08-19,2026,Q3,2026-Q3,2026-08,Aug,34,2026-08-17,Wed,False,19,31,,1.0,True,Actual
2026-08-20,2026,Q3,2026-Q3,2026-08,Aug,34,2026-08-17,Thu,False,20,31,Back to School Sale,1.4,True,Actual
2026-08-21,2026,Q3,2026-Q3,2026-08,Aug,34,2026-08-17,Fri,False,21,31,Back to School Sale,1.4,True,Actual
2026-08-22,2026,Q3,2026-Q3,2026-08,Aug,34,2026-08-17,Sat,True,22,31,Back to School Sale,1.4,True,Actual
2026-08-23,2026,Q3,2026-Q3,2026-08,Aug,34,2026-08-17,Sun,True,23,31,Back to School Sale,1.4,True,Actual
2026-08-24,2026,Q3,2026-Q3,2026-08,Aug,35,2026-08-24,Mon,False,24,31,Back to School Sale,1.4,True,Actual
2026-08-25,2026,Q3,2026-Q3,2026-08,Aug,35,2026-08-24,Tue,False,25,31,Back to School Sale,1.4,True,Actual
2026-08-26,2026,Q3,2026-Q3,2026-08,Aug,35,2026-08-24,Wed,False,26,31,Back to School Sale,1.4,True,Actual
2026-08-27,2026,Q3,2026-Q3,2026-08,Aug,35,2026-08-24,Thu,False,27,31,Back to School Sale,1.4,True,Actual
2026-08-28,2026,Q3,2026-Q3,2026-08,Aug,35,2026-08-24,Fri,False,28,31,Back to School Sale,1.4,True,Actual
2026-08-29,2026,Q3,2026-Q3,2026-08,Aug,35,2026-08-24,Sat,True,29,31,Back to School Sale,1.4,True,Actual
2026-08-30,2026,Q3,2026-Q3,2026-08,Aug,35,2026-08-24,Sun,True,30,31,Back to School Sale,1.4,True,Actual
2026-08-31,2026,Q3,2026-Q3,2026-08,Aug,36,2026-08-31,Mon,False,31,31,Back to School Sale,1.4,True,Actual
2026-09-01,2026,Q3,2026-Q3,2026-09,Sep,36,2026-08-31,Tue,False,1,30,Back to School Sale,1.4,False,Forecast
2026-09-02,2026,Q3,2026-Q3,2026-09,Sep,36,2026-08-31,Wed,False,2,30,Back to School Sale,1.4,False,Forecast
2026-09-03,2026,Q3,2026-Q3,2026-09,Sep,36,2026-08-31,Thu,False,3,30,Back to School Sale,1.4,False,Forecast
2026-09-04,2026,Q3,2026-Q3,2026-09,Sep,36,2026-08-31,Fri,False,4,30,Back to School Sale,1.4,False,Forecast
2026-09-05,2026,Q3,2026-Q3,2026-09,Sep,36,2026-08-31,Sat,True,5,30,Back to School Sale,1.4,False,Forecast
2026-09-06,2026,Q3,2026-Q3,2026-09,Sep,36,2026-08-31,Sun,True,6,30,Back to School Sale,1.4,False,Forecast
2026-09-07,2026,Q3,2026-Q3,2026-09,Sep,37,2026-09-07,Mon,False,7,30,Back to School Sale,1.4,False,Forecast
2026-09-08,2026,Q3,2026-Q3,2026-09,Sep,37,2026-09-07,Tue,False,8,30,Back to School Sale,1.4,False,Forecast
2026-09-09,2026,Q3,2026-Q3,2026-09,Sep,37,2026-09-07,Wed,False,9,30,Back to School Sale,1.4,False,Forecast
2026-09-10,2026,Q3,2026-Q3,2026-09,Sep,37,2026-09-07,Thu,False,10,30,Back to School Sale,1.4,False,Forecast
2026-09-11,2026,Q3,2026-Q3,2026-09,Sep,37,2026-09-07,Fri,False,11,30,Back to School Sale,1.4,False,Forecast
2026-09-12,2026,Q3,2026-Q3,2026-09,Sep,37,2026-09-07,Sat,True,12,30,Back to School Sale,1.4,False,Forecast
2026-09-13,2026,Q3,2026-Q3,2026-09,Sep,37,2026-09-07,Sun,True,13,30,Back to School Sale,1.4,False,Forecast
2026-09-14,2026,Q3,2026-Q3,2026-09,Sep,38,2026-09-14,Mon,False,14,30,,1.0,False,Forecast
2026-09-15,2026,Q3,2026-Q3,2026-09,Sep,38,2026-09-14,Tue,False,15,30,,1.0,False,Forecast
2026-09-16,2026,Q3,2026-Q3,2026-09,Sep,38,2026-09-14,Wed,False,16,30,,1.0,False,Forecast
2026-09-17,2026,Q3,2026-Q3,2026-09,Sep,38,2026-09-14,Thu,False,17,30,,1.0,False,Forecast
2026-09-18,2026,Q3,2026-Q3,2026-09,Sep,38,2026-09-14,Fri,False,18,30,,1.0,False,Forecast
2026-09-19,2026,Q3,2026-Q3,2026-09,Sep,38,2026-09-14,Sat,True,19,30,,1.0,False,Forecast
2026-09-20,2026,Q3,2026-Q3,2026-09,Sep,38,2026-09-14,Sun,True,20,30,,1.0,False,Forecast
2026-09-21,2026,Q3,2026-Q3,2026-09,Sep,39,2026-09-21,Mon,False,21,30,,1.0,False,Forecast
2026-09-22,2026,Q3,2026-Q3,2026-09,Sep,39,2026-09-21,Tue,False,22,30,,1.0,False,Forecast
2026-09-23,2026,Q3,2026-Q3,2026-09,Sep,39,2026-09-21,Wed,False,23,30,,1.0,False,Forecast
2026-09-24,2026,Q3,2026-Q3,2026-09,Sep,39,2026-09-21,Thu,False,24,30,,1.0,False,Forecast
2026-09-25,2026,Q3,2026-Q3,2026-09,Sep,39,2026-09-21,Fri,False,25,30,,1.0,False,Forecast
2026-09-26,2026,Q3,2026-Q3,2026-09,Sep,39,2026-09-21,Sat,True,26,30,,1.0,False,Forecast
2026-09-27,2026,Q3,2026-Q3,2026-09,Sep,39,2026-09-21,Sun,True,27,30,,1.0,False,Forecast
2026-09-28,2026,Q3,2026-Q3,2026-09,Sep,40,2026-09-28,Mon,False,28,30,,1.0,False,Forecast
2026-09-29,2026,Q3,2026-Q3,2026-09,Sep,40,2026-09-28,Tue,False,29,30,,1.0,False,Forecast
2026-09-30,2026,Q3,2026-Q3,2026-09,Sep,40,2026-09-28,Wed,False,30,30,,1.0,False,Forecast
2026-10-01,2026,Q4,2026-Q4,2026-10,Oct,40,2026-09-28,Thu,False,1,31,,1.0,False,Forecast
2026-10-02,2026,Q4,2026-Q4,2026-10,Oct,40,2026-09-28,Fri,False,2,31,,1.0,False,Forecast
2026-10-03,2026,Q4,2026-Q4,2026-10,Oct,40,2026-09-28,Sat,True,3,31,,1.0,False,Forecast
2026-10-04,2026,Q4,2026-Q4,2026-10,Oct,40,2026-09-28,Sun,True,4,31,,1.0,False,Forecast
2026-10-05,2026,Q4,2026-Q4,2026-10,Oct,41,2026-10-05,Mon,False,5,31,,1.0,False,Forecast
2026-10-06,2026,Q4,2026-Q4,2026-10,Oct,41,2026-10-05,Tue,False,6,31,,1.0,False,Forecast
2026-10-07,2026,Q4,2026-Q4,2026-10,Oct,41,2026-10-05,Wed,False,7,31,,1.0,False,Forecast
2026-10-08,2026,Q4,2026-Q4,2026-10,Oct,41,2026-10-05,Thu,False,8,31,,1.0,False,Forecast
2026-10-09,2026,Q4,2026-Q4,2026-10,Oct,41,2026-10-05,Fri,False,9,31,,1.0,False,Forecast
2026-10-10,2026,Q4,2026-Q4,2026-10,Oct,41,2026-10-05,Sat,True,10,31,,1.0,False,Forecast
2026-10-11,2026,Q4,2026-Q4,2026-10,Oct,41,2026-10-05,Sun,True,11,31,,1.0,False,Forecast
2026-10-12,2026,Q4,2026-Q4,2026-10,Oct,42,2026-10-12,Mon,False,12,31,,1.0,False,Forecast
2026-10-13,2026,Q4,2026-Q4,2026-10,Oct,42,2026-10-12,Tue,False,13,31,,1.0,False,Forecast
2026-10-14,2026,Q4,2026-Q4,2026-10,Oct,42,2026-10-12,Wed,False,14,31,,1.0,False,Forecast
2026-10-15,2026,Q4,2026-Q4,2026-10,Oct,42,2026-10-12,Thu,False,15,31,,1.0,False,Forecast
2026-10-16,2026,Q4,2026-Q4,2026-10,Oct,42,2026-10-12,Fri,False,16,31,,1.0,False,Forecast
2026-10-17,2026,Q4,2026-Q4,2026-10,Oct,42,2026-10-12,Sat,True,17,31,,1.0,False,Forecast
2026-10-18,2026,Q4,2026-Q4,2026-10,Oct,42,2026-10-12,Sun,True,18,31,,1.0,False,Forecast
2026-10-19,2026,Q4,2026-Q4,2026-10,Oct,43,2026-10-19,Mon,False,19,31,,1.0,False,Forecast
2026-10-20,2026,Q4,2026-Q4,2026-10,Oct,43,2026-10-19,Tue,False,20,31,,1.0,False,Forecast
2026-10-21,2026,Q4,2026-Q4,2026-10,Oct,43,2026-10-19,Wed,False,21,31,,1.0,False,Forecast
2026-10-22,2026,Q4,2026-Q4,2026-10,Oct,43,2026-10-19,Thu,False,22,31,,1.0,False,Forecast
2026-10-23,2026,Q4,2026-Q4,2026-10,Oct,43,2026-10-19,Fri,False,23,31,,1.0,False,Forecast
2026-10-24,2026,Q4,2026-Q4,2026-10,Oct,43,2026-10-19,Sat,True,24,31,,1.0,False,Forecast
2026-10-25,2026,Q4,2026-Q4,2026-10,Oct,43,2026-10-19,Sun,True,25,31,,1.0,False,Forecast
2026-10-26,2026,Q4,2026-Q4,2026-10,Oct,44,2026-10-26,Mon,False,26,31,,1.0,False,Forecast
2026-10-27,2026,Q4,2026-Q4,2026-10,Oct,44,2026-10-26,Tue,False,27,31,Halloween Sale,1.25,False,Forecast
2026-10-28,2026,Q4,2026-Q4,2026-10,Oct,44,2026-10-26,Wed,False,28,31,Halloween Sale,1.25,False,Forecast
2026-10-29,2026,Q4,2026-Q4,2026-10,Oct,44,2026-10-26,Thu,False,29,31,Halloween Sale,1.25,False,Forecast
2026-10-30,2026,Q4,2026-Q4,2026-10,Oct,44,2026-10-26,Fri,False,30,31,Halloween Sale,1.25,False,Forecast
2026-10-31,2026,Q4,2026-Q4,2026-10,Oct,44,2026-10-26,Sat,True,31,31,Halloween Sale,1.25,False,Forecast
2026-11-01,2026,Q4,2026-Q4,2026-11,Nov,44,2026-10-26,Sun,True,1,30,Halloween Sale,1.25,False,Forecast
2026-11-02,2026,Q4,2026-Q4,2026-11,Nov,45,2026-11-02,Mon,False,2,30,,1.0,False,Forecast
2026-11-03,2026,Q4,2026-Q4,2026-11,Nov,45,2026-11-02,Tue,False,3,30,,1.0,False,Forecast
2026-11-04,2026,Q4,2026-Q4,2026-11,Nov,45,2026-11-02,Wed,False,4,30,,1.0,False,Forecast
2026-11-05,2026,Q4,2026-Q4,2026-11,Nov,45,2026-11-02,Thu,False,5,30,,1.0,False,Forecast
2026-11-06,2026,Q4,2026-Q4,2026-11,Nov,45,2026-11-02,Fri,False,6,30,,1.0,False,Forecast
2026-11-07,2026,Q4,2026-Q4,2026-11,Nov,45,2026-11-02,Sat,True,7,30,,1.0,False,Forecast
2026-11-08,2026,Q4,2026-Q4,2026-11,Nov,45,2026-11-02,Sun,True,8,30,,1.0,False,Forecast
2026-11-09,2026,Q4,2026-Q4,2026-11,Nov,46,2026-11-09,Mon,False,9,30,,1.0,False,Forecast
2026-11-10,2026,Q4,2026-Q4,2026-11,Nov,46,2026-11-09,Tue,False,10,30,,1.0,False,Forecast
2026-11-11,2026,Q4,2026-Q4,2026-11,Nov,46,2026-11-09,Wed,False,11,30,,1.0,False,Forecast
2026-11-12,2026,Q4,2026-Q4,2026-11,Nov,46,2026-11-09,Thu,False,12,30,,1.0,False,Forecast
2026-11-13,2026,Q4,2026-Q4,2026-11,Nov,46,2026-11-09,Fri,False,13,30,,1.0,False,Forecast
2026-11-14,2026,Q4,2026-Q4,2026-11,Nov,46,2026-11-09,Sat,True,14,30,,1.0,False,Forecast
2026-11-15,2026,Q4,2026-Q4,2026-11,Nov,46,2026-11-09,Sun,True,15,30,,1.0,False,Forecast
2026-11-16,2026,Q4,2026-Q4,2026-11,Nov,47,2026-11-16,Mon,False,16,30,,1.0,False,Forecast
2026-11-17,2026,Q4,2026-Q4,2026-11,Nov,47,2026-11-16,Tue,False,17,30,,1.0,False,Forecast
2026-11-18,2026,Q4,2026-Q4,2026-11,Nov,47,2026-11-16,Wed,False,18,30,,1.0,False,Forecast
2026-11-19,2026,Q4,2026-Q4,2026-11,Nov,47,2026-11-16,Thu,False,19,30,,1.0,False,Forecast
2026-11-20,2026,Q4,2026-Q4,2026-11,Nov,47,2026-11-16,Fri,False,20,30,Black Friday / Cyber Monday,1.85,False,Forecast
2026-11-21,2026,Q4,2026-Q4,2026-11,Nov,47,2026-11-16,Sat,True,21,30,Black Friday / Cyber Monday,1.85,False,Forecast
2026-11-22,2026,Q4,2026-Q4,2026-11,Nov,47,2026-11-16,Sun,True,22,30,Black Friday / Cyber Monday,1.85,False,Forecast
2026-11-23,2026,Q4,2026-Q4,2026-11,Nov,48,2026-11-23,Mon,False,23,30,Black Friday / Cyber Monday,1.85,False,Forecast
2026-11-24,2026,Q4,2026-Q4,2026-11,Nov,48,2026-11-23,Tue,False,24,30,Black Friday / Cyber Monday,1.85,False,Forecast
2026-11-25,2026,Q4,2026-Q4,2026-11,Nov,48,2026-11-23,Wed,False,25,30,Black Friday / Cyber Monday,1.85,False,Forecast
2026-11-26,2026,Q4,2026-Q4,2026-11,Nov,48,2026-11-23,Thu,False,26,30,Black Friday / Cyber Monday,1.85,False,Forecast
2026-11-27,2026,Q4,2026-Q4,2026-11,Nov,48,2026-11-23,Fri,False,27,30,Black Friday / Cyber Monday,1.85,False,Forecast
2026-11-28,2026,Q4,2026-Q4,2026-11,Nov,48,2026-11-23,Sat,True,28,30,Black Friday / Cyber Monday,1.85,False,Forecast
2026-11-29,2026,Q4,2026-Q4,2026-11,Nov,48,2026-11-23,Sun,True,29,30,Black Friday / Cyber Monday,1.85,False,Forecast
2026-11-30,2026,Q4,2026-Q4,2026-11,Nov,49,2026-11-30,Mon,False,30,30,Black Friday / Cyber Monday,1.85,False,Forecast
2026-12-01,2026,Q4,2026-Q4,2026-12,Dec,49,2026-11-30,Tue,False,1,31,Black Friday / Cyber Monday,1.85,False,Forecast
2026-12-02,2026,Q4,2026-Q4,2026-12,Dec,49,2026-11-30,Wed,False,2,31,,1.0,False,Forecast
2026-12-03,2026,Q4,2026-Q4,2026-12,Dec,49,2026-11-30,Thu,False,3,31,,1.0,False,Forecast
2026-12-04,2026,Q4,2026-Q4,2026-12,Dec,49,2026-11-30,Fri,False,4,31,,1.0,False,Forecast
2026-12-05,2026,Q4,2026-Q4,2026-12,Dec,49,2026-11-30,Sat,True,5,31,,1.0,False,Forecast
2026-12-06,2026,Q4,2026-Q4,2026-12,Dec,49,2026-11-30,Sun,True,6,31,,1.0,False,Forecast
2026-12-07,2026,Q4,2026-Q4,2026-12,Dec,50,2026-12-07,Mon,False,7,31,,1.0,False,Forecast
2026-12-08,2026,Q4,2026-Q4,2026-12,Dec,50,2026-12-07,Tue,False,8,31,,1.0,False,Forecast
2026-12-09,2026,Q4,2026-Q4,2026-12,Dec,50,2026-12-07,Wed,False,9,31,,1.0,False,Forecast
2026-12-10,2026,Q4,2026-Q4,2026-12,Dec,50,2026-12-07,Thu,False,10,31,,1.0,False,Forecast
2026-12-11,2026,Q4,2026-Q4,2026-12,Dec,50,2026-12-07,Fri,False,11,31,,1.0,False,Forecast
2026-12-12,2026,Q4,2026-Q4,2026-12,Dec,50,2026-12-07,Sat,True,12,31,,1.0,False,Forecast
2026-12-13,2026,Q4,2026-Q4,2026-12,Dec,50,2026-12-07,Sun,True,13,31,,1.0,False,Forecast
2026-12-14,2026,Q4,2026-Q4,2026-12,Dec,51,2026-12-14,Mon,False,14,31,,1.0,False,Forecast
2026-12-15,2026,Q4,2026-Q4,2026-12,Dec,51,2026-12-14,Tue,False,15,31,,1.0,False,Forecast
2026-12-16,2026,Q4,2026-Q4,2026-12,Dec,51,2026-12-14,Wed,False,16,31,,1.0,False,Forecast
2026-12-17,2026,Q4,2026-Q4,2026-12,Dec,51,2026-12-14,Thu,False,17,31,,1.0,False,Forecast
2026-12-18,2026,Q4,2026-Q4,2026-12,Dec,51,2026-12-14,Fri,False,18,31,,1.0,False,Forecast
2026-12-19,2026,Q4,2026-Q4,2026-12,Dec,51,2026-12-14,Sat,True,19,31,,1.0,False,Forecast
2026-12-20,2026,Q4,2026-Q4,2026-12,Dec,51,2026-12-14,Sun,True,20,31,,1.0,False,Forecast
2026-12-21,2026,Q4,2026-Q4,2026-12,Dec,52,2026-12-21,Mon,False,21,31,,1.0,False,Forecast
2026-12-22,2026,Q4,2026-Q4,2026-12,Dec,52,2026-12-21,Tue,False,22,31,,1.0,False,Forecast
2026-12-23,2026,Q4,2026-Q4,2026-12,Dec,52,2026-12-21,Wed,False,23,31,,1.0,False,Forecast
2026-12-24,2026,Q4,2026-Q4,2026-12,Dec,52,2026-12-21,Thu,False,24,31,,1.0,False,Forecast
2026-12-25,2026,Q4,2026-Q4,2026-12,Dec,52,2026-12-21,Fri,False,25,31,,1.0,False,Forecast
2026-12-26,2026,Q4,2026-Q4,2026-12,Dec,52,2026-12-21,Sat,True,26,31,New Year Sale,1.3,False,Forecast
2026-12-27,2026,Q4,2026-Q4,2026-12,Dec,52,2026-12-21,Sun,True,27,31,New Year Sale,1.3,False,Forecast
2026-12-28,2026,Q4,2026-Q4,2026-12,Dec,53,2026-12-28,Mon,False,28,31,New Year Sale,1.3,False,Forecast
2026-12-29,2026,Q4,2026-Q4,2026-12,Dec,53,2026-12-28,Tue,False,29,31,New Year Sale,1.3,False,Forecast
2026-12-30,2026,Q4,2026-Q4,2026-12,Dec,53,2026-12-28,Wed,False,30,31,New Year Sale,1.3,False,Forecast
2026-12-31,2026,Q4,2026-Q4,2026-12,Dec,53,2026-12-28,Thu,False,31,31,New Year Sale,1.3,False,Forecast
