campaign_id,channel_id,campaign_name,geo_target,launch_month,end_month
CMP001,CH01,AFF_Global_CPA,Global,2023-10,
CMP002,CH01,AFF_NA_Tier1-CPA,NA,2023-10,
CMP003,CH01,AFF_EU_CPA,EU,2023-10,
CMP004,CH01,AFF_FR_Review-Sites,FR,2025-01,
CMP005,CH01,AFF_LATAM_CPA,LATAM,2024-07,
CMP006,CH02,ADN_NA_Native,NA,2023-10,
CMP007,CH02,ADN_EU_Native,EU,2023-10,
CMP008,CH02,ADN_Global_Banner,Global,2023-10,
CMP009,CH02,ADN_NA_Video-Preroll,NA,2024-11,
CMP010,CH02,ADN_UK_Native,UK,2023-10,2025-07
CMP011,CH02,ADN_APAC_Banner,APAC,2024-09,
CMP012,CH03,SOC_X_NA_Carousel,NA,2023-10,
CMP013,CH03,SOC_X_EU_Video,EU,2024-04,
CMP014,CH03,SOC_Reddit_NA_Promoted,NA,2024-07,
CMP015,CH03,SOC_Reddit_EU_Promoted,EU,2025-01,
CMP016,CH03,SOC_X_UK_Video,UK,2023-10,2025-07
CMP017,CH03,SOC_X_Global_Retargeting,Global,2023-10,
CMP018,CH04,CRE_Tier1_Creator-Collabs,Tier1,2023-10,
CMP019,CH04,CRE_NA_Podcast-Reads,NA,2025-01,
CMP020,CH04,CRE_EU_Creator-Collabs,EU,2025-04,
CMP021,CH04,CRE_Global_Signature-Character,Global,2026-01,
CMP022,CH05,SEO_EN_Content-Hubs,Global,2023-10,
CMP023,CH05,SEO_FR_Localized-Site,FR,2025-01,
CMP024,CH05,SEO_EU_Multilingual-Pages,EU-nonFR,2025-09,
CMP025,CH06,DIR_Brand-Direct,Global,2023-10,
CMP026,CH07,COM_Discord-Server,Global,2023-10,
CMP027,CH07,COM_Reddit-Community,Global,2024-07,
CMP028,CH08,PSH_Global_Push,Global,2023-10,2025-10
CMP029,CH08,PSH_LATAM_Pop,LATAM,2023-10,2025-10
CMP030,CH08,PSH_APAC_Pop,APAC,2023-10,2025-10
CMP031,CH09,CRY_Global_Crypto-Display,Global,2023-10,
CMP032,CH09,CRY_NA_Web3-Native,NA,2024-09,
CMP033,CH10,CRM_Winback-Email,Global,2025-02,
CMP034,CH10,CRM_Lapsed-Push,Global,2025-09,
