month,scenario,line_id,line_item,section,amount_usd,year,month_num
2024-01,Actual,R1,Subscription revenue (recognised),Revenue,105589.19,2024,1
2024-02,Actual,R1,Subscription revenue (recognised),Revenue,129889.47,2024,2
2024-03,Actual,R1,Subscription revenue (recognised),Revenue,152242.2,2024,3
2024-04,Actual,R1,Subscription revenue (recognised),Revenue,170188.27,2024,4
2024-05,Actual,R1,Subscription revenue (recognised),Revenue,193210.25,2024,5
2024-06,Actual,R1,Subscription revenue (recognised),Revenue,211797.19,2024,6
2024-07,Actual,R1,Subscription revenue (recognised),Revenue,239050.24,2024,7
2024-08,Actual,R1,Subscription revenue (recognised),Revenue,260635.91,2024,8
2024-09,Actual,R1,Subscription revenue (recognised),Revenue,281150.86,2024,9
2024-10,Actual,R1,Subscription revenue (recognised),Revenue,304899.77,2024,10
2024-11,Actual,R1,Subscription revenue (recognised),Revenue,340218.03,2024,11
2024-12,Actual,R1,Subscription revenue (recognised),Revenue,363770.47,2024,12
2025-01,Actual,R1,Subscription revenue (recognised),Revenue,383075.82,2025,1
2025-02,Actual,R1,Subscription revenue (recognised),Revenue,405339.37,2025,2
2025-03,Actual,R1,Subscription revenue (recognised),Revenue,435860.34,2025,3
2025-04,Actual,R1,Subscription revenue (recognised),Revenue,460010.32,2025,4
2025-05,Actual,R1,Subscription revenue (recognised),Revenue,491612.78,2025,5
2025-06,Actual,R1,Subscription revenue (recognised),Revenue,500626.17,2025,6
2025-07,Actual,R1,Subscription revenue (recognised),Revenue,523428.04,2025,7
2025-08,Actual,R1,Subscription revenue (recognised),Revenue,552674.8,2025,8
2025-09,Actual,R1,Subscription revenue (recognised),Revenue,582183.47,2025,9
2025-10,Actual,R1,Subscription revenue (recognised),Revenue,619621.84,2025,10
2025-11,Actual,R1,Subscription revenue (recognised),Revenue,684071.03,2025,11
2025-12,Actual,R1,Subscription revenue (recognised),Revenue,726149.81,2025,12
2026-01,Actual,R1,Subscription revenue (recognised),Revenue,769133.44,2026,1
2026-02,Actual,R1,Subscription revenue (recognised),Revenue,812747.93,2026,2
2026-03,Actual,R1,Subscription revenue (recognised),Revenue,851844.19,2026,3
2026-04,Actual,R1,Subscription revenue (recognised),Revenue,888913.91,2026,4
2026-05,Actual,R1,Subscription revenue (recognised),Revenue,923694.82,2026,5
2026-06,Actual,R1,Subscription revenue (recognised),Revenue,967277.29,2026,6
2026-07,Actual,R1,Subscription revenue (recognised),Revenue,1030995.63,2026,7
2026-08,Actual,R1,Subscription revenue (recognised),Revenue,1106928.5,2026,8
2024-01,Actual,R2,Token pack revenue,Revenue,21855.4,2024,1
2024-02,Actual,R2,Token pack revenue,Revenue,24896.8,2024,2
2024-03,Actual,R2,Token pack revenue,Revenue,30799.06,2024,3
2024-04,Actual,R2,Token pack revenue,Revenue,36145.86,2024,4
2024-05,Actual,R2,Token pack revenue,Revenue,45882.57,2024,5
2024-06,Actual,R2,Token pack revenue,Revenue,47822.11,2024,6
2024-07,Actual,R2,Token pack revenue,Revenue,58466.84,2024,7
2024-08,Actual,R2,Token pack revenue,Revenue,65286.98,2024,8
2024-09,Actual,R2,Token pack revenue,Revenue,64009.01,2024,9
2024-10,Actual,R2,Token pack revenue,Revenue,84064.11,2024,10
2024-11,Actual,R2,Token pack revenue,Revenue,133659.91,2024,11
2024-12,Actual,R2,Token pack revenue,Revenue,151369.14,2024,12
2025-01,Actual,R2,Token pack revenue,Revenue,139866.91,2025,1
2025-02,Actual,R2,Token pack revenue,Revenue,170635.14,2025,2
2025-03,Actual,R2,Token pack revenue,Revenue,171360.57,2025,3
2025-04,Actual,R2,Token pack revenue,Revenue,193027.8,2025,4
2025-05,Actual,R2,Token pack revenue,Revenue,209774.39,2025,5
2025-06,Actual,R2,Token pack revenue,Revenue,230308.09,2025,6
2025-07,Actual,R2,Token pack revenue,Revenue,251246.58,2025,7
2025-08,Actual,R2,Token pack revenue,Revenue,273118.68,2025,8
2025-09,Actual,R2,Token pack revenue,Revenue,296939.59,2025,9
2025-10,Actual,R2,Token pack revenue,Revenue,314919.37,2025,10
2025-11,Actual,R2,Token pack revenue,Revenue,381304.46,2025,11
2025-12,Actual,R2,Token pack revenue,Revenue,430391.29,2025,12
2026-01,Actual,R2,Token pack revenue,Revenue,407467.29,2026,1
2026-02,Actual,R2,Token pack revenue,Revenue,492845.28,2026,2
2026-03,Actual,R2,Token pack revenue,Revenue,562042.35,2026,3
2026-04,Actual,R2,Token pack revenue,Revenue,571353.83,2026,4
2026-05,Actual,R2,Token pack revenue,Revenue,618818.79,2026,5
2026-06,Actual,R2,Token pack revenue,Revenue,647690.56,2026,6
2026-07,Actual,R2,Token pack revenue,Revenue,711542.48,2026,7
2026-08,Actual,R2,Token pack revenue,Revenue,749729.32,2026,8
2024-01,Actual,R3,Refunds & chargebacks,Revenue,-2207.43,2024,1
2024-02,Actual,R3,Refunds & chargebacks,Revenue,-3312.83,2024,2
2024-03,Actual,R3,Refunds & chargebacks,Revenue,-3735.76,2024,3
2024-04,Actual,R3,Refunds & chargebacks,Revenue,-3476.7,2024,4
2024-05,Actual,R3,Refunds & chargebacks,Revenue,-4917.53,2024,5
2024-06,Actual,R3,Refunds & chargebacks,Revenue,-4543.59,2024,6
2024-07,Actual,R3,Refunds & chargebacks,Revenue,-5647.12,2024,7
2024-08,Actual,R3,Refunds & chargebacks,Revenue,-4959.54,2024,8
2024-09,Actual,R3,Refunds & chargebacks,Revenue,-6390.15,2024,9
2024-10,Actual,R3,Refunds & chargebacks,Revenue,-5818.3,2024,10
2024-11,Actual,R3,Refunds & chargebacks,Revenue,-6918.35,2024,11
2024-12,Actual,R3,Refunds & chargebacks,Revenue,-7351.71,2024,12
2025-01,Actual,R3,Refunds & chargebacks,Revenue,-7813.28,2025,1
2025-02,Actual,R3,Refunds & chargebacks,Revenue,-8016.18,2025,2
2025-03,Actual,R3,Refunds & chargebacks,Revenue,-10418.87,2025,3
2025-04,Actual,R3,Refunds & chargebacks,Revenue,-9221.97,2025,4
2025-05,Actual,R3,Refunds & chargebacks,Revenue,-8108.9,2025,5
2025-06,Actual,R3,Refunds & chargebacks,Revenue,-8277.46,2025,6
2025-07,Actual,R3,Refunds & chargebacks,Revenue,-8446.11,2025,7
2025-08,Actual,R3,Refunds & chargebacks,Revenue,-9810.58,2025,8
2025-09,Actual,R3,Refunds & chargebacks,Revenue,-10702.52,2025,9
2025-10,Actual,R3,Refunds & chargebacks,Revenue,-11136.66,2025,10
2025-11,Actual,R3,Refunds & chargebacks,Revenue,-12833.66,2025,11
2025-12,Actual,R3,Refunds & chargebacks,Revenue,-13078.71,2025,12
2026-01,Actual,R3,Refunds & chargebacks,Revenue,-13266.85,2026,1
2026-02,Actual,R3,Refunds & chargebacks,Revenue,-14093.17,2026,2
2026-03,Actual,R3,Refunds & chargebacks,Revenue,-15729.39,2026,3
2026-04,Actual,R3,Refunds & chargebacks,Revenue,-15810.21,2026,4
2026-05,Actual,R3,Refunds & chargebacks,Revenue,-16515.71,2026,5
2026-06,Actual,R3,Refunds & chargebacks,Revenue,-18879.33,2026,6
2026-07,Actual,R3,Refunds & chargebacks,Revenue,-18000.5,2026,7
2026-08,Actual,R3,Refunds & chargebacks,Revenue,-20196.42,2026,8
2024-01,Actual,C1,GPU inference,COGS,-54366.43,2024,1
2024-02,Actual,C1,GPU inference,COGS,-57193.83,2024,2
2024-03,Actual,C1,GPU inference,COGS,-64811.23,2024,3
2024-04,Actual,C1,GPU inference,COGS,-64176.92,2024,4
2024-05,Actual,C1,GPU inference,COGS,-70256.74,2024,5
2024-06,Actual,C1,GPU inference,COGS,-73760.57,2024,6
2024-07,Actual,C1,GPU inference,COGS,-83389.79,2024,7
2024-08,Actual,C1,GPU inference,COGS,-86190.38,2024,8
2024-09,Actual,C1,GPU inference,COGS,-87365.99,2024,9
2024-10,Actual,C1,GPU inference,COGS,-96022.44,2024,10
2024-11,Actual,C1,GPU inference,COGS,-118830.37,2024,11
2024-12,Actual,C1,GPU inference,COGS,-144299.96,2024,12
2025-01,Actual,C1,GPU inference,COGS,-148799.17,2025,1
2025-02,Actual,C1,GPU inference,COGS,-148868.65,2025,2
2025-03,Actual,C1,GPU inference,COGS,-164723.06,2025,3
2025-04,Actual,C1,GPU inference,COGS,-160255.19,2025,4
2025-05,Actual,C1,GPU inference,COGS,-169962.1,2025,5
2025-06,Actual,C1,GPU inference,COGS,-152181.63,2025,6
2025-07,Actual,C1,GPU inference,COGS,-168284.57,2025,7
2025-08,Actual,C1,GPU inference,COGS,-179982.51,2025,8
2025-09,Actual,C1,GPU inference,COGS,-189855.04,2025,9
2025-10,Actual,C1,GPU inference,COGS,-203168.03,2025,10
2025-11,Actual,C1,GPU inference,COGS,-184375.96,2025,11
2025-12,Actual,C1,GPU inference,COGS,-174868.86,2025,12
2026-01,Actual,C1,GPU inference,COGS,-179969.32,2026,1
2026-02,Actual,C1,GPU inference,COGS,-161773.65,2026,2
2026-03,Actual,C1,GPU inference,COGS,-175545.97,2026,3
2026-04,Actual,C1,GPU inference,COGS,-178664.34,2026,4
2026-05,Actual,C1,GPU inference,COGS,-191861.05,2026,5
2026-06,Actual,C1,GPU inference,COGS,-194143.95,2026,6
2026-07,Actual,C1,GPU inference,COGS,-212049.67,2026,7
2026-08,Actual,C1,GPU inference,COGS,-224000.59,2026,8
2024-01,Actual,C2,"Hosting, storage & CDN",COGS,-15757.11,2024,1
2024-02,Actual,C2,"Hosting, storage & CDN",COGS,-17124.85,2024,2
2024-03,Actual,C2,"Hosting, storage & CDN",COGS,-18540.46,2024,3
2024-04,Actual,C2,"Hosting, storage & CDN",COGS,-19827.66,2024,4
2024-05,Actual,C2,"Hosting, storage & CDN",COGS,-21347.84,2024,5
2024-06,Actual,C2,"Hosting, storage & CDN",COGS,-22555.5,2024,6
2024-07,Actual,C2,"Hosting, storage & CDN",COGS,-24239.97,2024,7
2024-08,Actual,C2,"Hosting, storage & CDN",COGS,-25693.42,2024,8
2024-09,Actual,C2,"Hosting, storage & CDN",COGS,-26808.25,2024,9
2024-10,Actual,C2,"Hosting, storage & CDN",COGS,-28720.17,2024,10
2024-11,Actual,C2,"Hosting, storage & CDN",COGS,-31815.24,2024,11
2024-12,Actual,C2,"Hosting, storage & CDN",COGS,-33620.73,2024,12
2025-01,Actual,C2,"Hosting, storage & CDN",COGS,-34421.63,2025,1
2025-02,Actual,C2,"Hosting, storage & CDN",COGS,-36587.14,2025,2
2025-03,Actual,C2,"Hosting, storage & CDN",COGS,-38033.09,2025,3
2025-04,Actual,C2,"Hosting, storage & CDN",COGS,-40024.16,2025,4
2025-05,Actual,C2,"Hosting, storage & CDN",COGS,-42088.67,2025,5
2025-06,Actual,C2,"Hosting, storage & CDN",COGS,-43550.67,2025,6
2025-07,Actual,C2,"Hosting, storage & CDN",COGS,-45438.47,2025,7
2025-08,Actual,C2,"Hosting, storage & CDN",COGS,-47511.74,2025,8
2025-09,Actual,C2,"Hosting, storage & CDN",COGS,-49665.52,2025,9
2025-10,Actual,C2,"Hosting, storage & CDN",COGS,-51895.68,2025,10
2025-11,Actual,C2,"Hosting, storage & CDN",COGS,-56350.45,2025,11
2025-12,Actual,C2,"Hosting, storage & CDN",COGS,-59658.71,2025,12
2026-01,Actual,C2,"Hosting, storage & CDN",COGS,-60835.5,2026,1
2026-02,Actual,C2,"Hosting, storage & CDN",COGS,-65261.13,2026,2
2026-03,Actual,C2,"Hosting, storage & CDN",COGS,-69041.49,2026,3
2026-04,Actual,C2,"Hosting, storage & CDN",COGS,-71011.15,2026,4
2026-05,Actual,C2,"Hosting, storage & CDN",COGS,-74038.0,2026,5
2026-06,Actual,C2,"Hosting, storage & CDN",COGS,-76721.37,2026,6
2026-07,Actual,C2,"Hosting, storage & CDN",COGS,-81155.48,2026,7
2026-08,Actual,C2,"Hosting, storage & CDN",COGS,-85093.84,2026,8
2024-01,Actual,C3,Payment processing fees,COGS,-14648.14,2024,1
2024-02,Actual,C3,Payment processing fees,COGS,-16509.06,2024,2
2024-03,Actual,C3,Payment processing fees,COGS,-17111.79,2024,3
2024-04,Actual,C3,Payment processing fees,COGS,-18961.35,2024,4
2024-05,Actual,C3,Payment processing fees,COGS,-21419.0,2024,5
2024-06,Actual,C3,Payment processing fees,COGS,-22079.61,2024,6
2024-07,Actual,C3,Payment processing fees,COGS,-26239.16,2024,7
2024-08,Actual,C3,Payment processing fees,COGS,-26806.0,2024,8
2024-09,Actual,C3,Payment processing fees,COGS,-27489.6,2024,9
2024-10,Actual,C3,Payment processing fees,COGS,-32439.91,2024,10
2024-11,Actual,C3,Payment processing fees,COGS,-42202.91,2024,11
2024-12,Actual,C3,Payment processing fees,COGS,-41583.6,2024,12
2025-01,Actual,C3,Payment processing fees,COGS,-41983.23,2025,1
2025-02,Actual,C3,Payment processing fees,COGS,-47002.9,2025,2
2025-03,Actual,C3,Payment processing fees,COGS,-47723.26,2025,3
2025-04,Actual,C3,Payment processing fees,COGS,-52631.22,2025,4
2025-05,Actual,C3,Payment processing fees,COGS,-54699.34,2025,5
2025-06,Actual,C3,Payment processing fees,COGS,-57171.12,2025,6
2025-07,Actual,C3,Payment processing fees,COGS,-62896.55,2025,7
2025-08,Actual,C3,Payment processing fees,COGS,-66347.88,2025,8
2025-09,Actual,C3,Payment processing fees,COGS,-68573.8,2025,9
2025-10,Actual,C3,Payment processing fees,COGS,-74177.43,2025,10
2025-11,Actual,C3,Payment processing fees,COGS,-93735.41,2025,11
2025-12,Actual,C3,Payment processing fees,COGS,-90914.13,2025,12
2026-01,Actual,C3,Payment processing fees,COGS,-91842.34,2026,1
2026-02,Actual,C3,Payment processing fees,COGS,-97820.8,2026,2
2026-03,Actual,C3,Payment processing fees,COGS,-96162.69,2026,3
2026-04,Actual,C3,Payment processing fees,COGS,-98356.94,2026,4
2026-05,Actual,C3,Payment processing fees,COGS,-100958.29,2026,5
2026-06,Actual,C3,Payment processing fees,COGS,-105652.93,2026,6
2026-07,Actual,C3,Payment processing fees,COGS,-120011.0,2026,7
2026-08,Actual,C3,Payment processing fees,COGS,-130094.27,2026,8
2024-01,Actual,C4,Chargeback fees,COGS,-0.0,2024,1
2024-02,Actual,C4,Chargeback fees,COGS,-1625.0,2024,2
2024-03,Actual,C4,Chargeback fees,COGS,-2000.0,2024,3
2024-04,Actual,C4,Chargeback fees,COGS,-1850.0,2024,4
2024-05,Actual,C4,Chargeback fees,COGS,-2225.0,2024,5
2024-06,Actual,C4,Chargeback fees,COGS,-2925.0,2024,6
2024-07,Actual,C4,Chargeback fees,COGS,-3150.0,2024,7
2024-08,Actual,C4,Chargeback fees,COGS,-3025.0,2024,8
2024-09,Actual,C4,Chargeback fees,COGS,-3425.0,2024,9
2024-10,Actual,C4,Chargeback fees,COGS,-3275.0,2024,10
2024-11,Actual,C4,Chargeback fees,COGS,-3475.0,2024,11
2024-12,Actual,C4,Chargeback fees,COGS,-4525.0,2024,12
2025-01,Actual,C4,Chargeback fees,COGS,-4475.0,2025,1
2025-02,Actual,C4,Chargeback fees,COGS,-4200.0,2025,2
2025-03,Actual,C4,Chargeback fees,COGS,-4850.0,2025,3
2025-04,Actual,C4,Chargeback fees,COGS,-5150.0,2025,4
2025-05,Actual,C4,Chargeback fees,COGS,-2275.0,2025,5
2025-06,Actual,C4,Chargeback fees,COGS,-2300.0,2025,6
2025-07,Actual,C4,Chargeback fees,COGS,-2725.0,2025,7
2025-08,Actual,C4,Chargeback fees,COGS,-2875.0,2025,8
2025-09,Actual,C4,Chargeback fees,COGS,-2625.0,2025,9
2025-10,Actual,C4,Chargeback fees,COGS,-3025.0,2025,10
2025-11,Actual,C4,Chargeback fees,COGS,-2950.0,2025,11
2025-12,Actual,C4,Chargeback fees,COGS,-3375.0,2025,12
2026-01,Actual,C4,Chargeback fees,COGS,-3875.0,2026,1
2026-02,Actual,C4,Chargeback fees,COGS,-3450.0,2026,2
2026-03,Actual,C4,Chargeback fees,COGS,-2795.0,2026,3
2026-04,Actual,C4,Chargeback fees,COGS,-3145.0,2026,4
2026-05,Actual,C4,Chargeback fees,COGS,-3405.0,2026,5
2026-06,Actual,C4,Chargeback fees,COGS,-3090.0,2026,6
2026-07,Actual,C4,Chargeback fees,COGS,-2795.0,2026,7
2026-08,Actual,C4,Chargeback fees,COGS,-3195.0,2026,8
2024-01,Actual,C5,Content & creator costs,COGS,-874.22,2024,1
2024-02,Actual,C5,Content & creator costs,COGS,-995.87,2024,2
2024-03,Actual,C5,Content & creator costs,COGS,-2154.2,2024,3
2024-04,Actual,C5,Content & creator costs,COGS,-2639.29,2024,4
2024-05,Actual,C5,Content & creator costs,COGS,-3246.19,2024,5
2024-06,Actual,C5,Content & creator costs,COGS,-3308.81,2024,6
2024-07,Actual,C5,Content & creator costs,COGS,-3937.93,2024,7
2024-08,Actual,C5,Content & creator costs,COGS,-4399.98,2024,8
2024-09,Actual,C5,Content & creator costs,COGS,-4449.29,2024,9
2024-10,Actual,C5,Content & creator costs,COGS,-5557.1,2024,10
2024-11,Actual,C5,Content & creator costs,COGS,-8005.95,2024,11
2024-12,Actual,C5,Content & creator costs,COGS,-8749.54,2024,12
2025-01,Actual,C5,Content & creator costs,COGS,-8238.31,2025,1
2025-02,Actual,C5,Content & creator costs,COGS,-9781.69,2025,2
2025-03,Actual,C5,Content & creator costs,COGS,-9911.32,2025,3
2025-04,Actual,C5,Content & creator costs,COGS,-11034.27,2025,4
2025-05,Actual,C5,Content & creator costs,COGS,-11953.69,2025,5
2025-06,Actual,C5,Content & creator costs,COGS,-13040.53,2025,6
2025-07,Actual,C5,Content & creator costs,COGS,-14186.3,2025,7
2025-08,Actual,C5,Content & creator costs,COGS,-15412.61,2025,8
2025-09,Actual,C5,Content & creator costs,COGS,-46762.39,2025,9
2025-10,Actual,C5,Content & creator costs,COGS,-52025.76,2025,10
2025-11,Actual,C5,Content & creator costs,COGS,-59640.28,2025,11
2025-12,Actual,C5,Content & creator costs,COGS,-66448.83,2025,12
2026-01,Actual,C5,Content & creator costs,COGS,-69851.9,2026,1
2026-02,Actual,C5,Content & creator costs,COGS,-78311.98,2026,2
2026-03,Actual,C5,Content & creator costs,COGS,-116054.35,2026,3
2026-04,Actual,C5,Content & creator costs,COGS,-120177.59,2026,4
2026-05,Actual,C5,Content & creator costs,COGS,-125876.57,2026,5
2026-06,Actual,C5,Content & creator costs,COGS,-129917.43,2026,6
2026-07,Actual,C5,Content & creator costs,COGS,-136902.83,2026,7
2026-08,Actual,C5,Content & creator costs,COGS,-142591.2,2026,8
2024-01,Actual,C6,Third-party AI APIs & licences,COGS,-5502.85,2024,1
2024-02,Actual,C6,Third-party AI APIs & licences,COGS,-5817.68,2024,2
2024-03,Actual,C6,Third-party AI APIs & licences,COGS,-6151.67,2024,3
2024-04,Actual,C6,Third-party AI APIs & licences,COGS,-6434.29,2024,4
2024-05,Actual,C6,Third-party AI APIs & licences,COGS,-6810.1,2024,5
2024-06,Actual,C6,Third-party AI APIs & licences,COGS,-7060.91,2024,6
2024-07,Actual,C6,Third-party AI APIs & licences,COGS,-7502.44,2024,7
2024-08,Actual,C6,Third-party AI APIs & licences,COGS,-7851.56,2024,8
2024-09,Actual,C6,Third-party AI APIs & licences,COGS,-8065.24,2024,9
2024-10,Actual,C6,Third-party AI APIs & licences,COGS,-8597.75,2024,10
2024-11,Actual,C6,Third-party AI APIs & licences,COGS,-9603.52,2024,11
2024-12,Actual,C6,Third-party AI APIs & licences,COGS,-10093.45,2024,12
2025-01,Actual,C6,Third-party AI APIs & licences,COGS,-10181.55,2025,1
2025-02,Actual,C6,Third-party AI APIs & licences,COGS,-10815.5,2025,2
2025-03,Actual,C6,Third-party AI APIs & licences,COGS,-11161.62,2025,3
2025-04,Actual,C6,Third-party AI APIs & licences,COGS,-11725.79,2025,4
2025-05,Actual,C6,Third-party AI APIs & licences,COGS,-12319.34,2025,5
2025-06,Actual,C6,Third-party AI APIs & licences,COGS,-12671.88,2025,6
2025-07,Actual,C6,Third-party AI APIs & licences,COGS,-13194.74,2025,7
2025-08,Actual,C6,Third-party AI APIs & licences,COGS,-13791.79,2025,8
2025-09,Actual,C6,Third-party AI APIs & licences,COGS,-14421.05,2025,9
2025-10,Actual,C6,Third-party AI APIs & licences,COGS,-15080.85,2025,10
2025-11,Actual,C6,Third-party AI APIs & licences,COGS,-16630.5,2025,11
2025-12,Actual,C6,Third-party AI APIs & licences,COGS,-17721.55,2025,12
2026-01,Actual,C6,Third-party AI APIs & licences,COGS,-17960.01,2026,1
2026-02,Actual,C6,Third-party AI APIs & licences,COGS,-19498.0,2026,2
2026-03,Actual,C6,Third-party AI APIs & licences,COGS,-20777.89,2026,3
2026-04,Actual,C6,Third-party AI APIs & licences,COGS,-21333.49,2026,4
2026-05,Actual,C6,Third-party AI APIs & licences,COGS,-22311.97,2026,5
2026-06,Actual,C6,Third-party AI APIs & licences,COGS,-23153.06,2026,6
2026-07,Actual,C6,Third-party AI APIs & licences,COGS,-24694.45,2026,7
2026-08,Actual,C6,Third-party AI APIs & licences,COGS,-26037.54,2026,8
2024-01,Actual,O1,Performance marketing (media),Opex - S&M,-47083.39,2024,1
2024-02,Actual,O1,Performance marketing (media),Opex - S&M,-50356.01,2024,2
2024-03,Actual,O1,Performance marketing (media),Opex - S&M,-48825.91,2024,3
2024-04,Actual,O1,Performance marketing (media),Opex - S&M,-49478.94,2024,4
2024-05,Actual,O1,Performance marketing (media),Opex - S&M,-53789.06,2024,5
2024-06,Actual,O1,Performance marketing (media),Opex - S&M,-56118.61,2024,6
2024-07,Actual,O1,Performance marketing (media),Opex - S&M,-63134.69,2024,7
2024-08,Actual,O1,Performance marketing (media),Opex - S&M,-61427.85,2024,8
2024-09,Actual,O1,Performance marketing (media),Opex - S&M,-64617.24,2024,9
2024-10,Actual,O1,Performance marketing (media),Opex - S&M,-71090.25,2024,10
2024-11,Actual,O1,Performance marketing (media),Opex - S&M,-86615.73,2024,11
2024-12,Actual,O1,Performance marketing (media),Opex - S&M,-83165.52,2024,12
2025-01,Actual,O1,Performance marketing (media),Opex - S&M,-82480.23,2025,1
2025-02,Actual,O1,Performance marketing (media),Opex - S&M,-83316.6,2025,2
2025-03,Actual,O1,Performance marketing (media),Opex - S&M,-87143.7,2025,3
2025-04,Actual,O1,Performance marketing (media),Opex - S&M,-93551.52,2025,4
2025-05,Actual,O1,Performance marketing (media),Opex - S&M,-92499.51,2025,5
2025-06,Actual,O1,Performance marketing (media),Opex - S&M,-93661.52,2025,6
2025-07,Actual,O1,Performance marketing (media),Opex - S&M,-109083.24,2025,7
2025-08,Actual,O1,Performance marketing (media),Opex - S&M,-112692.84,2025,8
2025-09,Actual,O1,Performance marketing (media),Opex - S&M,-111812.5,2025,9
2025-10,Actual,O1,Performance marketing (media),Opex - S&M,-119129.08,2025,10
2025-11,Actual,O1,Performance marketing (media),Opex - S&M,-142328.97,2025,11
2025-12,Actual,O1,Performance marketing (media),Opex - S&M,-129345.5,2025,12
2026-01,Actual,O1,Performance marketing (media),Opex - S&M,-152654.8,2026,1
2026-02,Actual,O1,Performance marketing (media),Opex - S&M,-156832.55,2026,2
2026-03,Actual,O1,Performance marketing (media),Opex - S&M,-143155.16,2026,3
2026-04,Actual,O1,Performance marketing (media),Opex - S&M,-111410.66,2026,4
2026-05,Actual,O1,Performance marketing (media),Opex - S&M,-104264.06,2026,5
2026-06,Actual,O1,Performance marketing (media),Opex - S&M,-108005.32,2026,6
2026-07,Actual,O1,Performance marketing (media),Opex - S&M,-127993.85,2026,7
2026-08,Actual,O1,Performance marketing (media),Opex - S&M,-137708.0,2026,8
2024-01,Actual,O2,Affiliate & creator partnerships,Opex - S&M,-32728.86,2024,1
2024-02,Actual,O2,Affiliate & creator partnerships,Opex - S&M,-35002.06,2024,2
2024-03,Actual,O2,Affiliate & creator partnerships,Opex - S&M,-35007.99,2024,3
2024-04,Actual,O2,Affiliate & creator partnerships,Opex - S&M,-35233.49,2024,4
2024-05,Actual,O2,Affiliate & creator partnerships,Opex - S&M,-39918.1,2024,5
2024-06,Actual,O2,Affiliate & creator partnerships,Opex - S&M,-39896.39,2024,6
2024-07,Actual,O2,Affiliate & creator partnerships,Opex - S&M,-45417.31,2024,7
2024-08,Actual,O2,Affiliate & creator partnerships,Opex - S&M,-45332.87,2024,8
2024-09,Actual,O2,Affiliate & creator partnerships,Opex - S&M,-46451.6,2024,9
2024-10,Actual,O2,Affiliate & creator partnerships,Opex - S&M,-52382.75,2024,10
2024-11,Actual,O2,Affiliate & creator partnerships,Opex - S&M,-63301.31,2024,11
2024-12,Actual,O2,Affiliate & creator partnerships,Opex - S&M,-62723.6,2024,12
2025-01,Actual,O2,Affiliate & creator partnerships,Opex - S&M,-64334.1,2025,1
2025-02,Actual,O2,Affiliate & creator partnerships,Opex - S&M,-64243.52,2025,2
2025-03,Actual,O2,Affiliate & creator partnerships,Opex - S&M,-69117.08,2025,3
2025-04,Actual,O2,Affiliate & creator partnerships,Opex - S&M,-75525.54,2025,4
2025-05,Actual,O2,Affiliate & creator partnerships,Opex - S&M,-80014.08,2025,5
2025-06,Actual,O2,Affiliate & creator partnerships,Opex - S&M,-77032.84,2025,6
2025-07,Actual,O2,Affiliate & creator partnerships,Opex - S&M,-90317.63,2025,7
2025-08,Actual,O2,Affiliate & creator partnerships,Opex - S&M,-97095.08,2025,8
2025-09,Actual,O2,Affiliate & creator partnerships,Opex - S&M,-95597.74,2025,9
2025-10,Actual,O2,Affiliate & creator partnerships,Opex - S&M,-103172.68,2025,10
2025-11,Actual,O2,Affiliate & creator partnerships,Opex - S&M,-135943.33,2025,11
2025-12,Actual,O2,Affiliate & creator partnerships,Opex - S&M,-126187.35,2025,12
2026-01,Actual,O2,Affiliate & creator partnerships,Opex - S&M,-134160.8,2026,1
2026-02,Actual,O2,Affiliate & creator partnerships,Opex - S&M,-137639.46,2026,2
2026-03,Actual,O2,Affiliate & creator partnerships,Opex - S&M,-135584.18,2026,3
2026-04,Actual,O2,Affiliate & creator partnerships,Opex - S&M,-141362.78,2026,4
2026-05,Actual,O2,Affiliate & creator partnerships,Opex - S&M,-140663.36,2026,5
2026-06,Actual,O2,Affiliate & creator partnerships,Opex - S&M,-145552.54,2026,6
2026-07,Actual,O2,Affiliate & creator partnerships,Opex - S&M,-172388.1,2026,7
2026-08,Actual,O2,Affiliate & creator partnerships,Opex - S&M,-184384.14,2026,8
2024-01,Actual,O3,"SEO, community & CRM",Opex - S&M,-18556.89,2024,1
2024-02,Actual,O3,"SEO, community & CRM",Opex - S&M,-18379.85,2024,2
2024-03,Actual,O3,"SEO, community & CRM",Opex - S&M,-20090.67,2024,3
2024-04,Actual,O3,"SEO, community & CRM",Opex - S&M,-20277.02,2024,4
2024-05,Actual,O3,"SEO, community & CRM",Opex - S&M,-21680.77,2024,5
2024-06,Actual,O3,"SEO, community & CRM",Opex - S&M,-21678.56,2024,6
2024-07,Actual,O3,"SEO, community & CRM",Opex - S&M,-23246.86,2024,7
2024-08,Actual,O3,"SEO, community & CRM",Opex - S&M,-24482.35,2024,8
2024-09,Actual,O3,"SEO, community & CRM",Opex - S&M,-24533.67,2024,9
2024-10,Actual,O3,"SEO, community & CRM",Opex - S&M,-25137.51,2024,10
2024-11,Actual,O3,"SEO, community & CRM",Opex - S&M,-25705.0,2024,11
2024-12,Actual,O3,"SEO, community & CRM",Opex - S&M,-27928.12,2024,12
2025-01,Actual,O3,"SEO, community & CRM",Opex - S&M,-28263.77,2025,1
2025-02,Actual,O3,"SEO, community & CRM",Opex - S&M,-36285.81,2025,2
2025-03,Actual,O3,"SEO, community & CRM",Opex - S&M,-40318.89,2025,3
2025-04,Actual,O3,"SEO, community & CRM",Opex - S&M,-40889.53,2025,4
2025-05,Actual,O3,"SEO, community & CRM",Opex - S&M,-43370.8,2025,5
2025-06,Actual,O3,"SEO, community & CRM",Opex - S&M,-43941.22,2025,6
2025-07,Actual,O3,"SEO, community & CRM",Opex - S&M,-47641.35,2025,7
2025-08,Actual,O3,"SEO, community & CRM",Opex - S&M,-48636.74,2025,8
2025-09,Actual,O3,"SEO, community & CRM",Opex - S&M,-49629.25,2025,9
2025-10,Actual,O3,"SEO, community & CRM",Opex - S&M,-53342.29,2025,10
2025-11,Actual,O3,"SEO, community & CRM",Opex - S&M,-58947.29,2025,11
2025-12,Actual,O3,"SEO, community & CRM",Opex - S&M,-57562.2,2025,12
2026-01,Actual,O3,"SEO, community & CRM",Opex - S&M,-60052.72,2026,1
2026-02,Actual,O3,"SEO, community & CRM",Opex - S&M,-56886.76,2026,2
2026-03,Actual,O3,"SEO, community & CRM",Opex - S&M,-61221.49,2026,3
2026-04,Actual,O3,"SEO, community & CRM",Opex - S&M,-61948.62,2026,4
2026-05,Actual,O3,"SEO, community & CRM",Opex - S&M,-64688.59,2026,5
2026-06,Actual,O3,"SEO, community & CRM",Opex - S&M,-64671.23,2026,6
2026-07,Actual,O3,"SEO, community & CRM",Opex - S&M,-69321.64,2026,7
2026-08,Actual,O3,"SEO, community & CRM",Opex - S&M,-75080.4,2026,8
2024-01,Actual,O4,Brand & content marketing,Opex - S&M,-5000.0,2024,1
2024-02,Actual,O4,Brand & content marketing,Opex - S&M,-5645.16,2024,2
2024-03,Actual,O4,Brand & content marketing,Opex - S&M,-6290.32,2024,3
2024-04,Actual,O4,Brand & content marketing,Opex - S&M,-6935.48,2024,4
2024-05,Actual,O4,Brand & content marketing,Opex - S&M,-7580.65,2024,5
2024-06,Actual,O4,Brand & content marketing,Opex - S&M,-8225.81,2024,6
2024-07,Actual,O4,Brand & content marketing,Opex - S&M,-8870.97,2024,7
2024-08,Actual,O4,Brand & content marketing,Opex - S&M,-9516.13,2024,8
2024-09,Actual,O4,Brand & content marketing,Opex - S&M,-10161.29,2024,9
2024-10,Actual,O4,Brand & content marketing,Opex - S&M,-10806.45,2024,10
2024-11,Actual,O4,Brand & content marketing,Opex - S&M,-11451.61,2024,11
2024-12,Actual,O4,Brand & content marketing,Opex - S&M,-12096.77,2024,12
2025-01,Actual,O4,Brand & content marketing,Opex - S&M,-12741.94,2025,1
2025-02,Actual,O4,Brand & content marketing,Opex - S&M,-13387.1,2025,2
2025-03,Actual,O4,Brand & content marketing,Opex - S&M,-14032.26,2025,3
2025-04,Actual,O4,Brand & content marketing,Opex - S&M,-14677.42,2025,4
2025-05,Actual,O4,Brand & content marketing,Opex - S&M,-15322.58,2025,5
2025-06,Actual,O4,Brand & content marketing,Opex - S&M,-15967.74,2025,6
2025-07,Actual,O4,Brand & content marketing,Opex - S&M,-16612.9,2025,7
2025-08,Actual,O4,Brand & content marketing,Opex - S&M,-17258.06,2025,8
2025-09,Actual,O4,Brand & content marketing,Opex - S&M,-17903.23,2025,9
2025-10,Actual,O4,Brand & content marketing,Opex - S&M,-18548.39,2025,10
2025-11,Actual,O4,Brand & content marketing,Opex - S&M,-19193.55,2025,11
2025-12,Actual,O4,Brand & content marketing,Opex - S&M,-19838.71,2025,12
2026-01,Actual,O4,Brand & content marketing,Opex - S&M,-20483.87,2026,1
2026-02,Actual,O4,Brand & content marketing,Opex - S&M,-21129.03,2026,2
2026-03,Actual,O4,Brand & content marketing,Opex - S&M,-21774.19,2026,3
2026-04,Actual,O4,Brand & content marketing,Opex - S&M,-22419.35,2026,4
2026-05,Actual,O4,Brand & content marketing,Opex - S&M,-23064.52,2026,5
2026-06,Actual,O4,Brand & content marketing,Opex - S&M,-23709.68,2026,6
2026-07,Actual,O4,Brand & content marketing,Opex - S&M,-24354.84,2026,7
2026-08,Actual,O4,Brand & content marketing,Opex - S&M,-25000.0,2026,8
2024-01,Actual,O5,Payroll - R&D,Opex - R&D,-69239.06,2024,1
2024-02,Actual,O5,Payroll - R&D,Opex - R&D,-69061.3,2024,2
2024-03,Actual,O5,Payroll - R&D,Opex - R&D,-75535.04,2024,3
2024-04,Actual,O5,Payroll - R&D,Opex - R&D,-76934.42,2024,4
2024-05,Actual,O5,Payroll - R&D,Opex - R&D,-86652.22,2024,5
2024-06,Actual,O5,Payroll - R&D,Opex - R&D,-92344.22,2024,6
2024-07,Actual,O5,Payroll - R&D,Opex - R&D,-100390.05,2024,7
2024-08,Actual,O5,Payroll - R&D,Opex - R&D,-104864.47,2024,8
2024-09,Actual,O5,Payroll - R&D,Opex - R&D,-106321.71,2024,9
2024-10,Actual,O5,Payroll - R&D,Opex - R&D,-113222.84,2024,10
2024-11,Actual,O5,Payroll - R&D,Opex - R&D,-122595.96,2024,11
2024-12,Actual,O5,Payroll - R&D,Opex - R&D,-123029.45,2024,12
2025-01,Actual,O5,Payroll - R&D,Opex - R&D,-132968.8,2025,1
2025-02,Actual,O5,Payroll - R&D,Opex - R&D,-135368.72,2025,2
2025-03,Actual,O5,Payroll - R&D,Opex - R&D,-141080.79,2025,3
2025-04,Actual,O5,Payroll - R&D,Opex - R&D,-139157.1,2025,4
2025-05,Actual,O5,Payroll - R&D,Opex - R&D,-147575.5,2025,5
2025-06,Actual,O5,Payroll - R&D,Opex - R&D,-149504.72,2025,6
2025-07,Actual,O5,Payroll - R&D,Opex - R&D,-147599.79,2025,7
2025-08,Actual,O5,Payroll - R&D,Opex - R&D,-158905.67,2025,8
2025-09,Actual,O5,Payroll - R&D,Opex - R&D,-156795.42,2025,9
2025-10,Actual,O5,Payroll - R&D,Opex - R&D,-165469.24,2025,10
2025-11,Actual,O5,Payroll - R&D,Opex - R&D,-167593.77,2025,11
2025-12,Actual,O5,Payroll - R&D,Opex - R&D,-171847.23,2025,12
2026-01,Actual,O5,Payroll - R&D,Opex - R&D,-178601.77,2026,1
2026-02,Actual,O5,Payroll - R&D,Opex - R&D,-185750.43,2026,2
2026-03,Actual,O5,Payroll - R&D,Opex - R&D,-191921.23,2026,3
2026-04,Actual,O5,Payroll - R&D,Opex - R&D,-201255.65,2026,4
2026-05,Actual,O5,Payroll - R&D,Opex - R&D,-203664.85,2026,5
2026-06,Actual,O5,Payroll - R&D,Opex - R&D,-211920.53,2026,6
2026-07,Actual,O5,Payroll - R&D,Opex - R&D,-211872.27,2026,7
2026-08,Actual,O5,Payroll - R&D,Opex - R&D,-211593.59,2026,8
2024-01,Actual,O6,Payroll - Support & Trust,Opex - G&A,-6093.46,2024,1
2024-02,Actual,O6,Payroll - Support & Trust,Opex - G&A,-6221.54,2024,2
2024-03,Actual,O6,Payroll - Support & Trust,Opex - G&A,-6269.71,2024,3
2024-04,Actual,O6,Payroll - Support & Trust,Opex - G&A,-6197.98,2024,4
2024-05,Actual,O6,Payroll - Support & Trust,Opex - G&A,-6266.66,2024,5
2024-06,Actual,O6,Payroll - Support & Trust,Opex - G&A,-12569.5,2024,6
2024-07,Actual,O6,Payroll - Support & Trust,Opex - G&A,-12570.19,2024,7
2024-08,Actual,O6,Payroll - Support & Trust,Opex - G&A,-12413.4,2024,8
2024-09,Actual,O6,Payroll - Support & Trust,Opex - G&A,-12542.15,2024,9
2024-10,Actual,O6,Payroll - Support & Trust,Opex - G&A,-12327.3,2024,10
2024-11,Actual,O6,Payroll - Support & Trust,Opex - G&A,-12362.26,2024,11
2024-12,Actual,O6,Payroll - Support & Trust,Opex - G&A,-12559.53,2024,12
2025-01,Actual,O6,Payroll - Support & Trust,Opex - G&A,-12787.89,2025,1
2025-02,Actual,O6,Payroll - Support & Trust,Opex - G&A,-12819.93,2025,2
2025-03,Actual,O6,Payroll - Support & Trust,Opex - G&A,-19296.36,2025,3
2025-04,Actual,O6,Payroll - Support & Trust,Opex - G&A,-18996.16,2025,4
2025-05,Actual,O6,Payroll - Support & Trust,Opex - G&A,-18981.75,2025,5
2025-06,Actual,O6,Payroll - Support & Trust,Opex - G&A,-19410.47,2025,6
2025-07,Actual,O6,Payroll - Support & Trust,Opex - G&A,-19333.24,2025,7
2025-08,Actual,O6,Payroll - Support & Trust,Opex - G&A,-19116.39,2025,8
2025-09,Actual,O6,Payroll - Support & Trust,Opex - G&A,-19252.69,2025,9
2025-10,Actual,O6,Payroll - Support & Trust,Opex - G&A,-19228.54,2025,10
2025-11,Actual,O6,Payroll - Support & Trust,Opex - G&A,-19438.7,2025,11
2025-12,Actual,O6,Payroll - Support & Trust,Opex - G&A,-19282.32,2025,12
2026-01,Actual,O6,Payroll - Support & Trust,Opex - G&A,-19914.61,2026,1
2026-02,Actual,O6,Payroll - Support & Trust,Opex - G&A,-19719.77,2026,2
2026-03,Actual,O6,Payroll - Support & Trust,Opex - G&A,-26397.45,2026,3
2026-04,Actual,O6,Payroll - Support & Trust,Opex - G&A,-26662.73,2026,4
2026-05,Actual,O6,Payroll - Support & Trust,Opex - G&A,-26642.83,2026,5
2026-06,Actual,O6,Payroll - Support & Trust,Opex - G&A,-26169.29,2026,6
2026-07,Actual,O6,Payroll - Support & Trust,Opex - G&A,-26206.98,2026,7
2026-08,Actual,O6,Payroll - Support & Trust,Opex - G&A,-26408.39,2026,8
2024-01,Actual,O7,Payroll - Sales & Marketing,Opex - S&M,-10798.22,2024,1
2024-02,Actual,O7,Payroll - Sales & Marketing,Opex - S&M,-10788.39,2024,2
2024-03,Actual,O7,Payroll - Sales & Marketing,Opex - S&M,-11101.5,2024,3
2024-04,Actual,O7,Payroll - Sales & Marketing,Opex - S&M,-11044.64,2024,4
2024-05,Actual,O7,Payroll - Sales & Marketing,Opex - S&M,-16500.57,2024,5
2024-06,Actual,O7,Payroll - Sales & Marketing,Opex - S&M,-16811.84,2024,6
2024-07,Actual,O7,Payroll - Sales & Marketing,Opex - S&M,-16634.29,2024,7
2024-08,Actual,O7,Payroll - Sales & Marketing,Opex - S&M,-16726.18,2024,8
2024-09,Actual,O7,Payroll - Sales & Marketing,Opex - S&M,-16266.3,2024,9
2024-10,Actual,O7,Payroll - Sales & Marketing,Opex - S&M,-16572.84,2024,10
2024-11,Actual,O7,Payroll - Sales & Marketing,Opex - S&M,-22262.54,2024,11
2024-12,Actual,O7,Payroll - Sales & Marketing,Opex - S&M,-21854.43,2024,12
2025-01,Actual,O7,Payroll - Sales & Marketing,Opex - S&M,-23006.35,2025,1
2025-02,Actual,O7,Payroll - Sales & Marketing,Opex - S&M,-22706.93,2025,2
2025-03,Actual,O7,Payroll - Sales & Marketing,Opex - S&M,-23090.93,2025,3
2025-04,Actual,O7,Payroll - Sales & Marketing,Opex - S&M,-22235.8,2025,4
2025-05,Actual,O7,Payroll - Sales & Marketing,Opex - S&M,-22993.67,2025,5
2025-06,Actual,O7,Payroll - Sales & Marketing,Opex - S&M,-22295.99,2025,6
2025-07,Actual,O7,Payroll - Sales & Marketing,Opex - S&M,-22961.2,2025,7
2025-08,Actual,O7,Payroll - Sales & Marketing,Opex - S&M,-28619.17,2025,8
2025-09,Actual,O7,Payroll - Sales & Marketing,Opex - S&M,-27899.16,2025,9
2025-10,Actual,O7,Payroll - Sales & Marketing,Opex - S&M,-28831.11,2025,10
2025-11,Actual,O7,Payroll - Sales & Marketing,Opex - S&M,-28549.8,2025,11
2025-12,Actual,O7,Payroll - Sales & Marketing,Opex - S&M,-28431.74,2025,12
2026-01,Actual,O7,Payroll - Sales & Marketing,Opex - S&M,-28728.54,2026,1
2026-02,Actual,O7,Payroll - Sales & Marketing,Opex - S&M,-28914.73,2026,2
2026-03,Actual,O7,Payroll - Sales & Marketing,Opex - S&M,-28787.05,2026,3
2026-04,Actual,O7,Payroll - Sales & Marketing,Opex - S&M,-34969.16,2026,4
2026-05,Actual,O7,Payroll - Sales & Marketing,Opex - S&M,-34516.77,2026,5
2026-06,Actual,O7,Payroll - Sales & Marketing,Opex - S&M,-35440.28,2026,6
2026-07,Actual,O7,Payroll - Sales & Marketing,Opex - S&M,-35636.32,2026,7
2026-08,Actual,O7,Payroll - Sales & Marketing,Opex - S&M,-35230.12,2026,8
2024-01,Actual,O8,Payroll - G&A,Opex - G&A,-37454.42,2024,1
2024-02,Actual,O8,Payroll - G&A,Opex - G&A,-37372.5,2024,2
2024-03,Actual,O8,Payroll - G&A,Opex - G&A,-37176.76,2024,3
2024-04,Actual,O8,Payroll - G&A,Opex - G&A,-36976.45,2024,4
2024-05,Actual,O8,Payroll - G&A,Opex - G&A,-37737.8,2024,5
2024-06,Actual,O8,Payroll - G&A,Opex - G&A,-37385.38,2024,6
2024-07,Actual,O8,Payroll - G&A,Opex - G&A,-37229.28,2024,7
2024-08,Actual,O8,Payroll - G&A,Opex - G&A,-44194.53,2024,8
2024-09,Actual,O8,Payroll - G&A,Opex - G&A,-43929.17,2024,9
2024-10,Actual,O8,Payroll - G&A,Opex - G&A,-44081.5,2024,10
2024-11,Actual,O8,Payroll - G&A,Opex - G&A,-44150.56,2024,11
2024-12,Actual,O8,Payroll - G&A,Opex - G&A,-44059.22,2024,12
2025-01,Actual,O8,Payroll - G&A,Opex - G&A,-45457.83,2025,1
2025-02,Actual,O8,Payroll - G&A,Opex - G&A,-45490.91,2025,2
2025-03,Actual,O8,Payroll - G&A,Opex - G&A,-64245.33,2025,3
2025-04,Actual,O8,Payroll - G&A,Opex - G&A,-64272.44,2025,4
2025-05,Actual,O8,Payroll - G&A,Opex - G&A,-63625.3,2025,5
2025-06,Actual,O8,Payroll - G&A,Opex - G&A,-64606.92,2025,6
2025-07,Actual,O8,Payroll - G&A,Opex - G&A,-64733.47,2025,7
2025-08,Actual,O8,Payroll - G&A,Opex - G&A,-64560.86,2025,8
2025-09,Actual,O8,Payroll - G&A,Opex - G&A,-63606.75,2025,9
2025-10,Actual,O8,Payroll - G&A,Opex - G&A,-64472.38,2025,10
2025-11,Actual,O8,Payroll - G&A,Opex - G&A,-63256.91,2025,11
2025-12,Actual,O8,Payroll - G&A,Opex - G&A,-70660.22,2025,12
2026-01,Actual,O8,Payroll - G&A,Opex - G&A,-72651.07,2026,1
2026-02,Actual,O8,Payroll - G&A,Opex - G&A,-72160.91,2026,2
2026-03,Actual,O8,Payroll - G&A,Opex - G&A,-72774.03,2026,3
2026-04,Actual,O8,Payroll - G&A,Opex - G&A,-71613.36,2026,4
2026-05,Actual,O8,Payroll - G&A,Opex - G&A,-72293.81,2026,5
2026-06,Actual,O8,Payroll - G&A,Opex - G&A,-72537.93,2026,6
2026-07,Actual,O8,Payroll - G&A,Opex - G&A,-73114.92,2026,7
2026-08,Actual,O8,Payroll - G&A,Opex - G&A,-72984.98,2026,8
2024-01,Actual,O9,Outsourced support (BPO),Opex - G&A,-2585.4,2024,1
2024-02,Actual,O9,Outsourced support (BPO),Opex - G&A,-2920.2,2024,2
2024-03,Actual,O9,Outsourced support (BPO),Opex - G&A,-3149.6,2024,3
2024-04,Actual,O9,Outsourced support (BPO),Opex - G&A,-3493.7,2024,4
2024-05,Actual,O9,Outsourced support (BPO),Opex - G&A,-4225.3,2024,5
2024-06,Actual,O9,Outsourced support (BPO),Opex - G&A,-4237.7,2024,6
2024-07,Actual,O9,Outsourced support (BPO),Opex - G&A,-5099.5,2024,7
2024-08,Actual,O9,Outsourced support (BPO),Opex - G&A,-5226.6,2024,8
2024-09,Actual,O9,Outsourced support (BPO),Opex - G&A,-5642.0,2024,9
2024-10,Actual,O9,Outsourced support (BPO),Opex - G&A,-6327.1,2024,10
2024-11,Actual,O9,Outsourced support (BPO),Opex - G&A,-7058.7,2024,11
2024-12,Actual,O9,Outsourced support (BPO),Opex - G&A,-7901.9,2024,12
2025-01,Actual,O9,Outsourced support (BPO),Opex - G&A,-8363.8,2025,1
2025-02,Actual,O9,Outsourced support (BPO),Opex - G&A,-8143.7,2025,2
2025-03,Actual,O9,Outsourced support (BPO),Opex - G&A,-7867.8,2025,3
2025-04,Actual,O9,Outsourced support (BPO),Opex - G&A,-8110.8,2025,4
2025-05,Actual,O9,Outsourced support (BPO),Opex - G&A,-8777.7,2025,5
2025-06,Actual,O9,Outsourced support (BPO),Opex - G&A,-8564.4,2025,6
2025-07,Actual,O9,Outsourced support (BPO),Opex - G&A,-10335.6,2025,7
2025-08,Actual,O9,Outsourced support (BPO),Opex - G&A,-11129.4,2025,8
2025-09,Actual,O9,Outsourced support (BPO),Opex - G&A,-11607.3,2025,9
2025-10,Actual,O9,Outsourced support (BPO),Opex - G&A,-12854.7,2025,10
2025-11,Actual,O9,Outsourced support (BPO),Opex - G&A,-14442.3,2025,11
2025-12,Actual,O9,Outsourced support (BPO),Opex - G&A,-15384.6,2025,12
2026-01,Actual,O9,Outsourced support (BPO),Opex - G&A,-16005.6,2026,1
2026-02,Actual,O9,Outsourced support (BPO),Opex - G&A,-16362.0,2026,2
2026-03,Actual,O9,Outsourced support (BPO),Opex - G&A,-17817.3,2026,3
2026-04,Actual,O9,Outsourced support (BPO),Opex - G&A,-19367.1,2026,4
2026-05,Actual,O9,Outsourced support (BPO),Opex - G&A,-19286.1,2026,5
2026-06,Actual,O9,Outsourced support (BPO),Opex - G&A,-20069.1,2026,6
2026-07,Actual,O9,Outsourced support (BPO),Opex - G&A,-23106.6,2026,7
2026-08,Actual,O9,Outsourced support (BPO),Opex - G&A,-25045.2,2026,8
2024-01,Actual,O10,Age assurance & compliance,Opex - G&A,-6000.0,2024,1
2024-02,Actual,O10,Age assurance & compliance,Opex - G&A,-6290.32,2024,2
2024-03,Actual,O10,Age assurance & compliance,Opex - G&A,-6580.65,2024,3
2024-04,Actual,O10,Age assurance & compliance,Opex - G&A,-6870.97,2024,4
2024-05,Actual,O10,Age assurance & compliance,Opex - G&A,-7161.29,2024,5
2024-06,Actual,O10,Age assurance & compliance,Opex - G&A,-7451.61,2024,6
2024-07,Actual,O10,Age assurance & compliance,Opex - G&A,-7741.94,2024,7
2024-08,Actual,O10,Age assurance & compliance,Opex - G&A,-8032.26,2024,8
2024-09,Actual,O10,Age assurance & compliance,Opex - G&A,-8322.58,2024,9
2024-10,Actual,O10,Age assurance & compliance,Opex - G&A,-8612.9,2024,10
2024-11,Actual,O10,Age assurance & compliance,Opex - G&A,-8903.23,2024,11
2024-12,Actual,O10,Age assurance & compliance,Opex - G&A,-9193.55,2024,12
2025-01,Actual,O10,Age assurance & compliance,Opex - G&A,-9483.87,2025,1
2025-02,Actual,O10,Age assurance & compliance,Opex - G&A,-9774.19,2025,2
2025-03,Actual,O10,Age assurance & compliance,Opex - G&A,-10064.52,2025,3
2025-04,Actual,O10,Age assurance & compliance,Opex - G&A,-10354.84,2025,4
2025-05,Actual,O10,Age assurance & compliance,Opex - G&A,-10645.16,2025,5
2025-06,Actual,O10,Age assurance & compliance,Opex - G&A,-10935.48,2025,6
2025-07,Actual,O10,Age assurance & compliance,Opex - G&A,-13144.91,2025,7
2025-08,Actual,O10,Age assurance & compliance,Opex - G&A,-18953.73,2025,8
2025-09,Actual,O10,Age assurance & compliance,Opex - G&A,-19084.45,2025,9
2025-10,Actual,O10,Age assurance & compliance,Opex - G&A,-19830.17,2025,10
2025-11,Actual,O10,Age assurance & compliance,Opex - G&A,-21348.1,2025,11
2025-12,Actual,O10,Age assurance & compliance,Opex - G&A,-21061.82,2025,12
2026-01,Actual,O10,Age assurance & compliance,Opex - G&A,-21236.64,2026,1
2026-02,Actual,O10,Age assurance & compliance,Opex - G&A,-21624.16,2026,2
2026-03,Actual,O10,Age assurance & compliance,Opex - G&A,-21611.49,2026,3
2026-04,Actual,O10,Age assurance & compliance,Opex - G&A,-21996.61,2026,4
2026-05,Actual,O10,Age assurance & compliance,Opex - G&A,-22005.23,2026,5
2026-06,Actual,O10,Age assurance & compliance,Opex - G&A,-22555.35,2026,6
2026-07,Actual,O10,Age assurance & compliance,Opex - G&A,-24211.28,2026,7
2026-08,Actual,O10,Age assurance & compliance,Opex - G&A,-25220.4,2026,8
2024-01,Actual,O11,Software & tools,Opex - G&A,-12000.0,2024,1
2024-02,Actual,O11,Software & tools,Opex - G&A,-13064.52,2024,2
2024-03,Actual,O11,Software & tools,Opex - G&A,-14129.03,2024,3
2024-04,Actual,O11,Software & tools,Opex - G&A,-15193.55,2024,4
2024-05,Actual,O11,Software & tools,Opex - G&A,-16258.06,2024,5
2024-06,Actual,O11,Software & tools,Opex - G&A,-17322.58,2024,6
2024-07,Actual,O11,Software & tools,Opex - G&A,-18387.1,2024,7
2024-08,Actual,O11,Software & tools,Opex - G&A,-19451.61,2024,8
2024-09,Actual,O11,Software & tools,Opex - G&A,-20516.13,2024,9
2024-10,Actual,O11,Software & tools,Opex - G&A,-21580.65,2024,10
2024-11,Actual,O11,Software & tools,Opex - G&A,-22645.16,2024,11
2024-12,Actual,O11,Software & tools,Opex - G&A,-23709.68,2024,12
2025-01,Actual,O11,Software & tools,Opex - G&A,-24774.19,2025,1
2025-02,Actual,O11,Software & tools,Opex - G&A,-25838.71,2025,2
2025-03,Actual,O11,Software & tools,Opex - G&A,-26903.23,2025,3
2025-04,Actual,O11,Software & tools,Opex - G&A,-27967.74,2025,4
2025-05,Actual,O11,Software & tools,Opex - G&A,-29032.26,2025,5
2025-06,Actual,O11,Software & tools,Opex - G&A,-30096.77,2025,6
2025-07,Actual,O11,Software & tools,Opex - G&A,-31161.29,2025,7
2025-08,Actual,O11,Software & tools,Opex - G&A,-32225.81,2025,8
2025-09,Actual,O11,Software & tools,Opex - G&A,-33290.32,2025,9
2025-10,Actual,O11,Software & tools,Opex - G&A,-34354.84,2025,10
2025-11,Actual,O11,Software & tools,Opex - G&A,-35419.35,2025,11
2025-12,Actual,O11,Software & tools,Opex - G&A,-36483.87,2025,12
2026-01,Actual,O11,Software & tools,Opex - G&A,-37548.39,2026,1
2026-02,Actual,O11,Software & tools,Opex - G&A,-38612.9,2026,2
2026-03,Actual,O11,Software & tools,Opex - G&A,-39677.42,2026,3
2026-04,Actual,O11,Software & tools,Opex - G&A,-40741.94,2026,4
2026-05,Actual,O11,Software & tools,Opex - G&A,-41806.45,2026,5
2026-06,Actual,O11,Software & tools,Opex - G&A,-42870.97,2026,6
2026-07,Actual,O11,Software & tools,Opex - G&A,-43935.48,2026,7
2026-08,Actual,O11,Software & tools,Opex - G&A,-45000.0,2026,8
2024-01,Actual,O12,"Office, travel & other G&A",Opex - G&A,-8000.0,2024,1
2024-02,Actual,O12,"Office, travel & other G&A",Opex - G&A,-8451.61,2024,2
2024-03,Actual,O12,"Office, travel & other G&A",Opex - G&A,-8903.23,2024,3
2024-04,Actual,O12,"Office, travel & other G&A",Opex - G&A,-9354.84,2024,4
2024-05,Actual,O12,"Office, travel & other G&A",Opex - G&A,-9806.45,2024,5
2024-06,Actual,O12,"Office, travel & other G&A",Opex - G&A,-10258.06,2024,6
2024-07,Actual,O12,"Office, travel & other G&A",Opex - G&A,-10709.68,2024,7
2024-08,Actual,O12,"Office, travel & other G&A",Opex - G&A,-11161.29,2024,8
2024-09,Actual,O12,"Office, travel & other G&A",Opex - G&A,-11612.9,2024,9
2024-10,Actual,O12,"Office, travel & other G&A",Opex - G&A,-12064.52,2024,10
2024-11,Actual,O12,"Office, travel & other G&A",Opex - G&A,-12516.13,2024,11
2024-12,Actual,O12,"Office, travel & other G&A",Opex - G&A,-12967.74,2024,12
2025-01,Actual,O12,"Office, travel & other G&A",Opex - G&A,-13419.35,2025,1
2025-02,Actual,O12,"Office, travel & other G&A",Opex - G&A,-13870.97,2025,2
2025-03,Actual,O12,"Office, travel & other G&A",Opex - G&A,-14322.58,2025,3
2025-04,Actual,O12,"Office, travel & other G&A",Opex - G&A,-14774.19,2025,4
2025-05,Actual,O12,"Office, travel & other G&A",Opex - G&A,-15225.81,2025,5
2025-06,Actual,O12,"Office, travel & other G&A",Opex - G&A,-15677.42,2025,6
2025-07,Actual,O12,"Office, travel & other G&A",Opex - G&A,-16129.03,2025,7
2025-08,Actual,O12,"Office, travel & other G&A",Opex - G&A,-16580.65,2025,8
2025-09,Actual,O12,"Office, travel & other G&A",Opex - G&A,-17032.26,2025,9
2025-10,Actual,O12,"Office, travel & other G&A",Opex - G&A,-17483.87,2025,10
2025-11,Actual,O12,"Office, travel & other G&A",Opex - G&A,-17935.48,2025,11
2025-12,Actual,O12,"Office, travel & other G&A",Opex - G&A,-18387.1,2025,12
2026-01,Actual,O12,"Office, travel & other G&A",Opex - G&A,-18838.71,2026,1
2026-02,Actual,O12,"Office, travel & other G&A",Opex - G&A,-19290.32,2026,2
2026-03,Actual,O12,"Office, travel & other G&A",Opex - G&A,-19741.94,2026,3
2026-04,Actual,O12,"Office, travel & other G&A",Opex - G&A,-20193.55,2026,4
2026-05,Actual,O12,"Office, travel & other G&A",Opex - G&A,-20645.16,2026,5
2026-06,Actual,O12,"Office, travel & other G&A",Opex - G&A,-21096.77,2026,6
2026-07,Actual,O12,"Office, travel & other G&A",Opex - G&A,-21548.39,2026,7
2026-08,Actual,O12,"Office, travel & other G&A",Opex - G&A,-22000.0,2026,8
2025-01,Budget,R1,Subscription revenue (recognised),Revenue,384676.36,2025,1
2025-02,Budget,R1,Subscription revenue (recognised),Revenue,406743.84,2025,2
2025-03,Budget,R1,Subscription revenue (recognised),Revenue,417510.59,2025,3
2025-04,Budget,R1,Subscription revenue (recognised),Revenue,437133.58,2025,4
2025-05,Budget,R1,Subscription revenue (recognised),Revenue,457678.86,2025,5
2025-06,Budget,R1,Subscription revenue (recognised),Revenue,479189.77,2025,6
2025-07,Budget,R1,Subscription revenue (recognised),Revenue,501711.69,2025,7
2025-08,Budget,R1,Subscription revenue (recognised),Revenue,525292.14,2025,8
2025-09,Budget,R1,Subscription revenue (recognised),Revenue,549980.87,2025,9
2025-10,Budget,R1,Subscription revenue (recognised),Revenue,575829.97,2025,10
2025-11,Budget,R1,Subscription revenue (recognised),Revenue,639067.62,2025,11
2025-12,Budget,R1,Subscription revenue (recognised),Revenue,650166.89,2025,12
2026-01,Budget,R1,Subscription revenue (recognised),Revenue,762747.76,2026,1
2026-02,Budget,R1,Subscription revenue (recognised),Revenue,801111.71,2026,2
2026-03,Budget,R1,Subscription revenue (recognised),Revenue,816819.78,2026,3
2026-04,Budget,R1,Subscription revenue (recognised),Revenue,849492.57,2026,4
2026-05,Budget,R1,Subscription revenue (recognised),Revenue,883472.27,2026,5
2026-06,Budget,R1,Subscription revenue (recognised),Revenue,918811.17,2026,6
2026-07,Budget,R1,Subscription revenue (recognised),Revenue,955563.61,2026,7
2026-08,Budget,R1,Subscription revenue (recognised),Revenue,993786.16,2026,8
2026-09,Budget,R1,Subscription revenue (recognised),Revenue,1033537.6,2026,9
2026-10,Budget,R1,Subscription revenue (recognised),Revenue,1074879.11,2026,10
2026-11,Budget,R1,Subscription revenue (recognised),Revenue,1184946.73,2026,11
2026-12,Budget,R1,Subscription revenue (recognised),Revenue,1197466.92,2026,12
2025-01,Budget,R2,Token pack revenue,Revenue,161750.04,2025,1
2025-02,Budget,R2,Token pack revenue,Revenue,172825.91,2025,2
2025-03,Budget,R2,Token pack revenue,Revenue,179264.53,2025,3
2025-04,Budget,R2,Token pack revenue,Revenue,189661.87,2025,4
2025-05,Budget,R2,Token pack revenue,Revenue,200662.26,2025,5
2025-06,Budget,R2,Token pack revenue,Revenue,212300.67,2025,6
2025-07,Budget,R2,Token pack revenue,Revenue,224614.11,2025,7
2025-08,Budget,R2,Token pack revenue,Revenue,237641.73,2025,8
2025-09,Budget,R2,Token pack revenue,Revenue,251424.95,2025,9
2025-10,Budget,R2,Token pack revenue,Revenue,266007.59,2025,10
2025-11,Budget,R2,Token pack revenue,Revenue,298322.2,2025,11
2025-12,Budget,R2,Token pack revenue,Revenue,306692.1,2025,12
2026-01,Budget,R2,Token pack revenue,Revenue,454691.18,2026,1
2026-02,Budget,R2,Token pack revenue,Revenue,480315.96,2026,2
2026-03,Budget,R2,Token pack revenue,Revenue,492559.31,2026,3
2026-04,Budget,R2,Token pack revenue,Revenue,515217.04,2026,4
2026-05,Budget,R2,Token pack revenue,Revenue,538917.02,2026,5
2026-06,Budget,R2,Token pack revenue,Revenue,563707.2,2026,6
2026-07,Budget,R2,Token pack revenue,Revenue,589637.73,2026,7
2026-08,Budget,R2,Token pack revenue,Revenue,616761.07,2026,8
2026-09,Budget,R2,Token pack revenue,Revenue,645132.08,2026,9
2026-10,Budget,R2,Token pack revenue,Revenue,674808.15,2026,10
2026-11,Budget,R2,Token pack revenue,Revenue,748200.29,2026,11
2026-12,Budget,R2,Token pack revenue,Revenue,760467.95,2026,12
2025-01,Budget,R3,Refunds & chargebacks,Revenue,-8196.4,2025,1
2025-02,Budget,R3,Refunds & chargebacks,Revenue,-8693.55,2025,2
2025-03,Budget,R3,Refunds & chargebacks,Revenue,-8951.63,2025,3
2025-04,Budget,R3,Refunds & chargebacks,Revenue,-9401.93,2025,4
2025-05,Budget,R3,Refunds & chargebacks,Revenue,-9875.12,2025,5
2025-06,Budget,R3,Refunds & chargebacks,Revenue,-10372.36,2025,6
2025-07,Budget,R3,Refunds & chargebacks,Revenue,-10894.89,2025,7
2025-08,Budget,R3,Refunds & chargebacks,Revenue,-11444.01,2025,8
2025-09,Budget,R3,Refunds & chargebacks,Revenue,-12021.09,2025,9
2025-10,Budget,R3,Refunds & chargebacks,Revenue,-12627.56,2025,10
2025-11,Budget,R3,Refunds & chargebacks,Revenue,-14060.85,2025,11
2025-12,Budget,R3,Refunds & chargebacks,Revenue,-14352.88,2025,12
2026-01,Budget,R3,Refunds & chargebacks,Revenue,-18261.58,2026,1
2026-02,Budget,R3,Refunds & chargebacks,Revenue,-19221.42,2026,2
2026-03,Budget,R3,Refunds & chargebacks,Revenue,-19640.69,2026,3
2026-04,Budget,R3,Refunds & chargebacks,Revenue,-20470.64,2026,4
2026-05,Budget,R3,Refunds & chargebacks,Revenue,-21335.84,2026,5
2026-06,Budget,R3,Refunds & chargebacks,Revenue,-22237.78,2026,6
2026-07,Budget,R3,Refunds & chargebacks,Revenue,-23178.02,2026,7
2026-08,Budget,R3,Refunds & chargebacks,Revenue,-24158.21,2026,8
2026-09,Budget,R3,Refunds & chargebacks,Revenue,-25180.05,2026,9
2026-10,Budget,R3,Refunds & chargebacks,Revenue,-26245.31,2026,10
2026-11,Budget,R3,Refunds & chargebacks,Revenue,-28997.21,2026,11
2026-12,Budget,R3,Refunds & chargebacks,Revenue,-29369.02,2026,12
2025-01,Budget,C1,GPU inference,COGS,-113028.3,2025,1
2025-02,Budget,C1,GPU inference,COGS,-119884.0,2025,2
2025-03,Budget,C1,GPU inference,COGS,-123442.93,2025,3
2025-04,Budget,C1,GPU inference,COGS,-129652.64,2025,4
2025-05,Budget,C1,GPU inference,COGS,-136177.86,2025,5
2025-06,Budget,C1,GPU inference,COGS,-143034.8,2025,6
2025-07,Budget,C1,GPU inference,COGS,-150240.49,2025,7
2025-08,Budget,C1,GPU inference,COGS,-157812.87,2025,8
2025-09,Budget,C1,GPU inference,COGS,-165770.79,2025,9
2025-10,Budget,C1,GPU inference,COGS,-174134.1,2025,10
2025-11,Budget,C1,GPU inference,COGS,-193899.08,2025,11
2025-12,Budget,C1,GPU inference,COGS,-197926.28,2025,12
2026-01,Budget,C1,GPU inference,COGS,-179876.6,2026,1
2026-02,Budget,C1,GPU inference,COGS,-189330.94,2026,2
2026-03,Budget,C1,GPU inference,COGS,-193460.76,2026,3
2026-04,Budget,C1,GPU inference,COGS,-201635.84,2026,4
2026-05,Budget,C1,GPU inference,COGS,-210158.02,2026,5
2026-06,Budget,C1,GPU inference,COGS,-219042.09,2026,6
2026-07,Budget,C1,GPU inference,COGS,-228303.5,2026,7
2026-08,Budget,C1,GPU inference,COGS,-237958.35,2026,8
2026-09,Budget,C1,GPU inference,COGS,-248023.45,2026,9
2026-10,Budget,C1,GPU inference,COGS,-258516.29,2026,10
2026-11,Budget,C1,GPU inference,COGS,-285622.47,2026,11
2026-12,Budget,C1,GPU inference,COGS,-289284.88,2026,12
2025-01,Budget,C2,"Hosting, storage & CDN",COGS,-29602.65,2025,1
2025-02,Budget,C2,"Hosting, storage & CDN",COGS,-31398.19,2025,2
2025-03,Budget,C2,"Hosting, storage & CDN",COGS,-32330.29,2025,3
2025-04,Budget,C2,"Hosting, storage & CDN",COGS,-33956.64,2025,4
2025-05,Budget,C2,"Hosting, storage & CDN",COGS,-35665.63,2025,5
2025-06,Budget,C2,"Hosting, storage & CDN",COGS,-37461.49,2025,6
2025-07,Budget,C2,"Hosting, storage & CDN",COGS,-39348.7,2025,7
2025-08,Budget,C2,"Hosting, storage & CDN",COGS,-41331.94,2025,8
2025-09,Budget,C2,"Hosting, storage & CDN",COGS,-43416.16,2025,9
2025-10,Budget,C2,"Hosting, storage & CDN",COGS,-45606.55,2025,10
2025-11,Budget,C2,"Hosting, storage & CDN",COGS,-50783.09,2025,11
2025-12,Budget,C2,"Hosting, storage & CDN",COGS,-51837.84,2025,12
2026-01,Budget,C2,"Hosting, storage & CDN",COGS,-65954.75,2026,1
2026-02,Budget,C2,"Hosting, storage & CDN",COGS,-69421.34,2026,2
2026-03,Budget,C2,"Hosting, storage & CDN",COGS,-70935.61,2026,3
2026-04,Budget,C2,"Hosting, storage & CDN",COGS,-73933.14,2026,4
2026-05,Budget,C2,"Hosting, storage & CDN",COGS,-77057.94,2026,5
2026-06,Budget,C2,"Hosting, storage & CDN",COGS,-80315.43,2026,6
2026-07,Budget,C2,"Hosting, storage & CDN",COGS,-83711.28,2026,7
2026-08,Budget,C2,"Hosting, storage & CDN",COGS,-87251.4,2026,8
2026-09,Budget,C2,"Hosting, storage & CDN",COGS,-90941.93,2026,9
2026-10,Budget,C2,"Hosting, storage & CDN",COGS,-94789.31,2026,10
2026-11,Budget,C2,"Hosting, storage & CDN",COGS,-104728.24,2026,11
2026-12,Budget,C2,"Hosting, storage & CDN",COGS,-106071.12,2026,12
2025-01,Budget,C3,Payment processing fees,COGS,-40905.48,2025,1
2025-02,Budget,C3,Payment processing fees,COGS,-43386.59,2025,2
2025-03,Budget,C3,Payment processing fees,COGS,-44674.58,2025,3
2025-04,Budget,C3,Payment processing fees,COGS,-46921.91,2025,4
2025-05,Budget,C3,Payment processing fees,COGS,-49283.42,2025,5
2025-06,Budget,C3,Payment processing fees,COGS,-51764.97,2025,6
2025-07,Budget,C3,Payment processing fees,COGS,-54372.75,2025,7
2025-08,Budget,C3,Payment processing fees,COGS,-57113.23,2025,8
2025-09,Budget,C3,Payment processing fees,COGS,-59993.24,2025,9
2025-10,Budget,C3,Payment processing fees,COGS,-63019.96,2025,10
2025-11,Budget,C3,Payment processing fees,COGS,-70173.0,2025,11
2025-12,Budget,C3,Payment processing fees,COGS,-71630.46,2025,12
2026-01,Budget,C3,Payment processing fees,COGS,-81544.06,2026,1
2026-02,Budget,C3,Payment processing fees,COGS,-85830.03,2026,2
2026-03,Budget,C3,Payment processing fees,COGS,-87702.21,2026,3
2026-04,Budget,C3,Payment processing fees,COGS,-91408.25,2026,4
2026-05,Budget,C3,Payment processing fees,COGS,-95271.63,2026,5
2026-06,Budget,C3,Payment processing fees,COGS,-99299.08,2026,6
2026-07,Budget,C3,Payment processing fees,COGS,-103497.59,2026,7
2026-08,Budget,C3,Payment processing fees,COGS,-107874.45,2026,8
2026-09,Budget,C3,Payment processing fees,COGS,-112437.3,2026,9
2026-10,Budget,C3,Payment processing fees,COGS,-117194.05,2026,10
2026-11,Budget,C3,Payment processing fees,COGS,-129482.19,2026,11
2026-12,Budget,C3,Payment processing fees,COGS,-131142.48,2026,12
2025-01,Budget,C4,Chargeback fees,COGS,-2152.92,2025,1
2025-02,Budget,C4,Chargeback fees,COGS,-2283.5,2025,2
2025-03,Budget,C4,Chargeback fees,COGS,-2351.29,2025,3
2025-04,Budget,C4,Chargeback fees,COGS,-2469.57,2025,4
2025-05,Budget,C4,Chargeback fees,COGS,-2593.86,2025,5
2025-06,Budget,C4,Chargeback fees,COGS,-2724.47,2025,6
2025-07,Budget,C4,Chargeback fees,COGS,-2861.72,2025,7
2025-08,Budget,C4,Chargeback fees,COGS,-3005.96,2025,8
2025-09,Budget,C4,Chargeback fees,COGS,-3157.54,2025,9
2025-10,Budget,C4,Chargeback fees,COGS,-3316.84,2025,10
2025-11,Budget,C4,Chargeback fees,COGS,-3693.32,2025,11
2025-12,Budget,C4,Chargeback fees,COGS,-3770.02,2025,12
2026-01,Budget,C4,Chargeback fees,COGS,-2997.94,2026,1
2026-02,Budget,C4,Chargeback fees,COGS,-3155.52,2026,2
2026-03,Budget,C4,Chargeback fees,COGS,-3224.35,2026,3
2026-04,Budget,C4,Chargeback fees,COGS,-3360.6,2026,4
2026-05,Budget,C4,Chargeback fees,COGS,-3502.63,2026,5
2026-06,Budget,C4,Chargeback fees,COGS,-3650.7,2026,6
2026-07,Budget,C4,Chargeback fees,COGS,-3805.06,2026,7
2026-08,Budget,C4,Chargeback fees,COGS,-3965.97,2026,8
2026-09,Budget,C4,Chargeback fees,COGS,-4133.72,2026,9
2026-10,Budget,C4,Chargeback fees,COGS,-4308.6,2026,10
2026-11,Budget,C4,Chargeback fees,COGS,-4760.37,2026,11
2026-12,Budget,C4,Chargeback fees,COGS,-4821.41,2026,12
2025-01,Budget,C5,Content & creator costs,COGS,-16146.9,2025,1
2025-02,Budget,C5,Content & creator costs,COGS,-17126.29,2025,2
2025-03,Budget,C5,Content & creator costs,COGS,-17634.7,2025,3
2025-04,Budget,C5,Content & creator costs,COGS,-18521.81,2025,4
2025-05,Budget,C5,Content & creator costs,COGS,-19453.98,2025,5
2025-06,Budget,C5,Content & creator costs,COGS,-20433.54,2025,6
2025-07,Budget,C5,Content & creator costs,COGS,-21462.93,2025,7
2025-08,Budget,C5,Content & creator costs,COGS,-22544.7,2025,8
2025-09,Budget,C5,Content & creator costs,COGS,-23681.54,2025,9
2025-10,Budget,C5,Content & creator costs,COGS,-24876.3,2025,10
2025-11,Budget,C5,Content & creator costs,COGS,-27699.87,2025,11
2025-12,Budget,C5,Content & creator costs,COGS,-28275.18,2025,12
2026-01,Budget,C5,Content & creator costs,COGS,-77946.53,2026,1
2026-02,Budget,C5,Content & creator costs,COGS,-82043.41,2026,2
2026-03,Budget,C5,Content & creator costs,COGS,-83833.0,2026,3
2026-04,Budget,C5,Content & creator costs,COGS,-87375.53,2026,4
2026-05,Budget,C5,Content & creator costs,COGS,-91068.47,2026,5
2026-06,Budget,C5,Content & creator costs,COGS,-94918.24,2026,6
2026-07,Budget,C5,Content & creator costs,COGS,-98931.52,2026,7
2026-08,Budget,C5,Content & creator costs,COGS,-103115.29,2026,8
2026-09,Budget,C5,Content & creator costs,COGS,-107476.83,2026,9
2026-10,Budget,C5,Content & creator costs,COGS,-112023.73,2026,10
2026-11,Budget,C5,Content & creator costs,COGS,-123769.74,2026,11
2026-12,Budget,C5,Content & creator costs,COGS,-125356.78,2026,12
2025-01,Budget,C6,Third-party AI APIs & licences,COGS,-8611.68,2025,1
2025-02,Budget,C6,Third-party AI APIs & licences,COGS,-9134.02,2025,2
2025-03,Budget,C6,Third-party AI APIs & licences,COGS,-9405.18,2025,3
2025-04,Budget,C6,Third-party AI APIs & licences,COGS,-9878.3,2025,4
2025-05,Budget,C6,Third-party AI APIs & licences,COGS,-10375.46,2025,5
2025-06,Budget,C6,Third-party AI APIs & licences,COGS,-10897.89,2025,6
2025-07,Budget,C6,Third-party AI APIs & licences,COGS,-11446.89,2025,7
2025-08,Budget,C6,Third-party AI APIs & licences,COGS,-12023.84,2025,8
2025-09,Budget,C6,Third-party AI APIs & licences,COGS,-12630.16,2025,9
2025-10,Budget,C6,Third-party AI APIs & licences,COGS,-13267.36,2025,10
2025-11,Budget,C6,Third-party AI APIs & licences,COGS,-14773.26,2025,11
2025-12,Budget,C6,Third-party AI APIs & licences,COGS,-15080.1,2025,12
2026-01,Budget,C6,Third-party AI APIs & licences,COGS,-19186.84,2026,1
2026-02,Budget,C6,Third-party AI APIs & licences,COGS,-20195.3,2026,2
2026-03,Budget,C6,Third-party AI APIs & licences,COGS,-20635.81,2026,3
2026-04,Budget,C6,Third-party AI APIs & licences,COGS,-21507.82,2026,4
2026-05,Budget,C6,Third-party AI APIs & licences,COGS,-22416.86,2026,5
2026-06,Budget,C6,Third-party AI APIs & licences,COGS,-23364.49,2026,6
2026-07,Budget,C6,Third-party AI APIs & licences,COGS,-24352.37,2026,7
2026-08,Budget,C6,Third-party AI APIs & licences,COGS,-25382.22,2026,8
2026-09,Budget,C6,Third-party AI APIs & licences,COGS,-26455.83,2026,9
2026-10,Budget,C6,Third-party AI APIs & licences,COGS,-27575.07,2026,10
2026-11,Budget,C6,Third-party AI APIs & licences,COGS,-30466.4,2026,11
2026-12,Budget,C6,Third-party AI APIs & licences,COGS,-30857.05,2026,12
2025-01,Budget,O1,Performance marketing (media),Opex - S&M,-83931.67,2025,1
2025-02,Budget,O1,Performance marketing (media),Opex - S&M,-87729.37,2025,2
2025-03,Budget,O1,Performance marketing (media),Opex - S&M,-89019.51,2025,3
2025-04,Budget,O1,Performance marketing (media),Opex - S&M,-92135.2,2025,4
2025-05,Budget,O1,Performance marketing (media),Opex - S&M,-95359.93,2025,5
2025-06,Budget,O1,Performance marketing (media),Opex - S&M,-98697.52,2025,6
2025-07,Budget,O1,Performance marketing (media),Opex - S&M,-102151.94,2025,7
2025-08,Budget,O1,Performance marketing (media),Opex - S&M,-105727.26,2025,8
2025-09,Budget,O1,Performance marketing (media),Opex - S&M,-109427.71,2025,9
2025-10,Budget,O1,Performance marketing (media),Opex - S&M,-113257.68,2025,10
2025-11,Budget,O1,Performance marketing (media),Opex - S&M,-124255.0,2025,11
2025-12,Budget,O1,Performance marketing (media),Opex - S&M,-124964.19,2025,12
2026-01,Budget,O1,Performance marketing (media),Opex - S&M,-134859.79,2026,1
2026-02,Budget,O1,Performance marketing (media),Opex - S&M,-139599.91,2026,2
2026-03,Budget,O1,Performance marketing (media),Opex - S&M,-140284.23,2026,3
2026-04,Budget,O1,Performance marketing (media),Opex - S&M,-143791.33,2026,4
2026-05,Budget,O1,Performance marketing (media),Opex - S&M,-147386.12,2026,5
2026-06,Budget,O1,Performance marketing (media),Opex - S&M,-151070.77,2026,6
2026-07,Budget,O1,Performance marketing (media),Opex - S&M,-154847.54,2026,7
2026-08,Budget,O1,Performance marketing (media),Opex - S&M,-158718.73,2026,8
2026-09,Budget,O1,Performance marketing (media),Opex - S&M,-162686.69,2026,9
2026-10,Budget,O1,Performance marketing (media),Opex - S&M,-166753.86,2026,10
2026-11,Budget,O1,Performance marketing (media),Opex - S&M,-181178.07,2026,11
2026-12,Budget,O1,Performance marketing (media),Opex - S&M,-180451.65,2026,12
2025-01,Budget,O2,Affiliate & creator partnerships,Opex - S&M,-62166.15,2025,1
2025-02,Budget,O2,Affiliate & creator partnerships,Opex - S&M,-64979.01,2025,2
2025-03,Budget,O2,Affiliate & creator partnerships,Opex - S&M,-65934.59,2025,3
2025-04,Budget,O2,Affiliate & creator partnerships,Opex - S&M,-68242.3,2025,4
2025-05,Budget,O2,Affiliate & creator partnerships,Opex - S&M,-70630.78,2025,5
2025-06,Budget,O2,Affiliate & creator partnerships,Opex - S&M,-73102.86,2025,6
2025-07,Budget,O2,Affiliate & creator partnerships,Opex - S&M,-75661.46,2025,7
2025-08,Budget,O2,Affiliate & creator partnerships,Opex - S&M,-78309.61,2025,8
2025-09,Budget,O2,Affiliate & creator partnerships,Opex - S&M,-81050.44,2025,9
2025-10,Budget,O2,Affiliate & creator partnerships,Opex - S&M,-83887.21,2025,10
2025-11,Budget,O2,Affiliate & creator partnerships,Opex - S&M,-92032.66,2025,11
2025-12,Budget,O2,Affiliate & creator partnerships,Opex - S&M,-92557.94,2025,12
2026-01,Budget,O2,Affiliate & creator partnerships,Opex - S&M,-126060.1,2026,1
2026-02,Budget,O2,Affiliate & creator partnerships,Opex - S&M,-130490.93,2026,2
2026-03,Budget,O2,Affiliate & creator partnerships,Opex - S&M,-131130.59,2026,3
2026-04,Budget,O2,Affiliate & creator partnerships,Opex - S&M,-134408.85,2026,4
2026-05,Budget,O2,Affiliate & creator partnerships,Opex - S&M,-137769.07,2026,5
2026-06,Budget,O2,Affiliate & creator partnerships,Opex - S&M,-141213.3,2026,6
2026-07,Budget,O2,Affiliate & creator partnerships,Opex - S&M,-144743.63,2026,7
2026-08,Budget,O2,Affiliate & creator partnerships,Opex - S&M,-148362.22,2026,8
2026-09,Budget,O2,Affiliate & creator partnerships,Opex - S&M,-152071.28,2026,9
2026-10,Budget,O2,Affiliate & creator partnerships,Opex - S&M,-155873.06,2026,10
2026-11,Budget,O2,Affiliate & creator partnerships,Opex - S&M,-169356.08,2026,11
2026-12,Budget,O2,Affiliate & creator partnerships,Opex - S&M,-168677.06,2026,12
2025-01,Budget,O3,"SEO, community & CRM",Opex - S&M,-27175.87,2025,1
2025-02,Budget,O3,"SEO, community & CRM",Opex - S&M,-28127.02,2025,2
2025-03,Budget,O3,"SEO, community & CRM",Opex - S&M,-29111.47,2025,3
2025-04,Budget,O3,"SEO, community & CRM",Opex - S&M,-30130.37,2025,4
2025-05,Budget,O3,"SEO, community & CRM",Opex - S&M,-31184.93,2025,5
2025-06,Budget,O3,"SEO, community & CRM",Opex - S&M,-32276.41,2025,6
2025-07,Budget,O3,"SEO, community & CRM",Opex - S&M,-33406.08,2025,7
2025-08,Budget,O3,"SEO, community & CRM",Opex - S&M,-34575.29,2025,8
2025-09,Budget,O3,"SEO, community & CRM",Opex - S&M,-35785.43,2025,9
2025-10,Budget,O3,"SEO, community & CRM",Opex - S&M,-37037.92,2025,10
2025-11,Budget,O3,"SEO, community & CRM",Opex - S&M,-38334.24,2025,11
2025-12,Budget,O3,"SEO, community & CRM",Opex - S&M,-39675.94,2025,12
2026-01,Budget,O3,"SEO, community & CRM",Opex - S&M,-58032.69,2026,1
2026-02,Budget,O3,"SEO, community & CRM",Opex - S&M,-59483.51,2026,2
2026-03,Budget,O3,"SEO, community & CRM",Opex - S&M,-60970.6,2026,3
2026-04,Budget,O3,"SEO, community & CRM",Opex - S&M,-62494.86,2026,4
2026-05,Budget,O3,"SEO, community & CRM",Opex - S&M,-64057.23,2026,5
2026-06,Budget,O3,"SEO, community & CRM",Opex - S&M,-65658.66,2026,6
2026-07,Budget,O3,"SEO, community & CRM",Opex - S&M,-67300.13,2026,7
2026-08,Budget,O3,"SEO, community & CRM",Opex - S&M,-68982.63,2026,8
2026-09,Budget,O3,"SEO, community & CRM",Opex - S&M,-70707.2,2026,9
2026-10,Budget,O3,"SEO, community & CRM",Opex - S&M,-72474.88,2026,10
2026-11,Budget,O3,"SEO, community & CRM",Opex - S&M,-74286.75,2026,11
2026-12,Budget,O3,"SEO, community & CRM",Opex - S&M,-76143.92,2026,12
2025-01,Budget,O4,Brand & content marketing,Opex - S&M,-12338.71,2025,1
2025-02,Budget,O4,Brand & content marketing,Opex - S&M,-12585.48,2025,2
2025-03,Budget,O4,Brand & content marketing,Opex - S&M,-12837.19,2025,3
2025-04,Budget,O4,Brand & content marketing,Opex - S&M,-13093.94,2025,4
2025-05,Budget,O4,Brand & content marketing,Opex - S&M,-13355.82,2025,5
2025-06,Budget,O4,Brand & content marketing,Opex - S&M,-13622.93,2025,6
2025-07,Budget,O4,Brand & content marketing,Opex - S&M,-13895.39,2025,7
2025-08,Budget,O4,Brand & content marketing,Opex - S&M,-14173.3,2025,8
2025-09,Budget,O4,Brand & content marketing,Opex - S&M,-14456.76,2025,9
2025-10,Budget,O4,Brand & content marketing,Opex - S&M,-14745.9,2025,10
2025-11,Budget,O4,Brand & content marketing,Opex - S&M,-15040.82,2025,11
2025-12,Budget,O4,Brand & content marketing,Opex - S&M,-15341.63,2025,12
2026-01,Budget,O4,Brand & content marketing,Opex - S&M,-20235.48,2026,1
2026-02,Budget,O4,Brand & content marketing,Opex - S&M,-20640.19,2026,2
2026-03,Budget,O4,Brand & content marketing,Opex - S&M,-21053.0,2026,3
2026-04,Budget,O4,Brand & content marketing,Opex - S&M,-21474.06,2026,4
2026-05,Budget,O4,Brand & content marketing,Opex - S&M,-21903.54,2026,5
2026-06,Budget,O4,Brand & content marketing,Opex - S&M,-22341.61,2026,6
2026-07,Budget,O4,Brand & content marketing,Opex - S&M,-22788.44,2026,7
2026-08,Budget,O4,Brand & content marketing,Opex - S&M,-23244.21,2026,8
2026-09,Budget,O4,Brand & content marketing,Opex - S&M,-23709.09,2026,9
2026-10,Budget,O4,Brand & content marketing,Opex - S&M,-24183.28,2026,10
2026-11,Budget,O4,Brand & content marketing,Opex - S&M,-24666.94,2026,11
2026-12,Budget,O4,Brand & content marketing,Opex - S&M,-25160.28,2026,12
2025-01,Budget,O5,Payroll - R&D,Opex - R&D,-130521.94,2025,1
2025-02,Budget,O5,Payroll - R&D,Opex - R&D,-134437.6,2025,2
2025-03,Budget,O5,Payroll - R&D,Opex - R&D,-138470.73,2025,3
2025-04,Budget,O5,Payroll - R&D,Opex - R&D,-142624.85,2025,4
2025-05,Budget,O5,Payroll - R&D,Opex - R&D,-146903.6,2025,5
2025-06,Budget,O5,Payroll - R&D,Opex - R&D,-151310.71,2025,6
2025-07,Budget,O5,Payroll - R&D,Opex - R&D,-155850.03,2025,7
2025-08,Budget,O5,Payroll - R&D,Opex - R&D,-160525.53,2025,8
2025-09,Budget,O5,Payroll - R&D,Opex - R&D,-165341.29,2025,9
2025-10,Budget,O5,Payroll - R&D,Opex - R&D,-170301.53,2025,10
2025-11,Budget,O5,Payroll - R&D,Opex - R&D,-175410.58,2025,11
2025-12,Budget,O5,Payroll - R&D,Opex - R&D,-180672.9,2025,12
2026-01,Budget,O5,Payroll - R&D,Opex - R&D,-180896.71,2026,1
2026-02,Budget,O5,Payroll - R&D,Opex - R&D,-184876.43,2026,2
2026-03,Budget,O5,Payroll - R&D,Opex - R&D,-188943.71,2026,3
2026-04,Budget,O5,Payroll - R&D,Opex - R&D,-193100.48,2026,4
2026-05,Budget,O5,Payroll - R&D,Opex - R&D,-197348.69,2026,5
2026-06,Budget,O5,Payroll - R&D,Opex - R&D,-201690.36,2026,6
2026-07,Budget,O5,Payroll - R&D,Opex - R&D,-206127.55,2026,7
2026-08,Budget,O5,Payroll - R&D,Opex - R&D,-210662.35,2026,8
2026-09,Budget,O5,Payroll - R&D,Opex - R&D,-215296.92,2026,9
2026-10,Budget,O5,Payroll - R&D,Opex - R&D,-220033.46,2026,10
2026-11,Budget,O5,Payroll - R&D,Opex - R&D,-224874.19,2026,11
2026-12,Budget,O5,Payroll - R&D,Opex - R&D,-229821.42,2026,12
2025-01,Budget,O6,Payroll - Support & Trust,Opex - G&A,-13324.41,2025,1
2025-02,Budget,O6,Payroll - Support & Trust,Opex - G&A,-13724.14,2025,2
2025-03,Budget,O6,Payroll - Support & Trust,Opex - G&A,-14135.86,2025,3
2025-04,Budget,O6,Payroll - Support & Trust,Opex - G&A,-14559.94,2025,4
2025-05,Budget,O6,Payroll - Support & Trust,Opex - G&A,-14996.74,2025,5
2025-06,Budget,O6,Payroll - Support & Trust,Opex - G&A,-15446.64,2025,6
2025-07,Budget,O6,Payroll - Support & Trust,Opex - G&A,-15910.04,2025,7
2025-08,Budget,O6,Payroll - Support & Trust,Opex - G&A,-16387.34,2025,8
2025-09,Budget,O6,Payroll - Support & Trust,Opex - G&A,-16878.96,2025,9
2025-10,Budget,O6,Payroll - Support & Trust,Opex - G&A,-17385.33,2025,10
2025-11,Budget,O6,Payroll - Support & Trust,Opex - G&A,-17906.89,2025,11
2025-12,Budget,O6,Payroll - Support & Trust,Opex - G&A,-18444.09,2025,12
2026-01,Budget,O6,Payroll - Support & Trust,Opex - G&A,-20297.73,2026,1
2026-02,Budget,O6,Payroll - Support & Trust,Opex - G&A,-20744.28,2026,2
2026-03,Budget,O6,Payroll - Support & Trust,Opex - G&A,-21200.65,2026,3
2026-04,Budget,O6,Payroll - Support & Trust,Opex - G&A,-21667.07,2026,4
2026-05,Budget,O6,Payroll - Support & Trust,Opex - G&A,-22143.74,2026,5
2026-06,Budget,O6,Payroll - Support & Trust,Opex - G&A,-22630.9,2026,6
2026-07,Budget,O6,Payroll - Support & Trust,Opex - G&A,-23128.78,2026,7
2026-08,Budget,O6,Payroll - Support & Trust,Opex - G&A,-23637.62,2026,8
2026-09,Budget,O6,Payroll - Support & Trust,Opex - G&A,-24157.64,2026,9
2026-10,Budget,O6,Payroll - Support & Trust,Opex - G&A,-24689.11,2026,10
2026-11,Budget,O6,Payroll - Support & Trust,Opex - G&A,-25232.27,2026,11
2026-12,Budget,O6,Payroll - Support & Trust,Opex - G&A,-25787.38,2026,12
2025-01,Budget,O7,Payroll - Sales & Marketing,Opex - S&M,-23185.36,2025,1
2025-02,Budget,O7,Payroll - Sales & Marketing,Opex - S&M,-23880.93,2025,2
2025-03,Budget,O7,Payroll - Sales & Marketing,Opex - S&M,-24597.35,2025,3
2025-04,Budget,O7,Payroll - Sales & Marketing,Opex - S&M,-25335.27,2025,4
2025-05,Budget,O7,Payroll - Sales & Marketing,Opex - S&M,-26095.33,2025,5
2025-06,Budget,O7,Payroll - Sales & Marketing,Opex - S&M,-26878.19,2025,6
2025-07,Budget,O7,Payroll - Sales & Marketing,Opex - S&M,-27684.54,2025,7
2025-08,Budget,O7,Payroll - Sales & Marketing,Opex - S&M,-28515.07,2025,8
2025-09,Budget,O7,Payroll - Sales & Marketing,Opex - S&M,-29370.53,2025,9
2025-10,Budget,O7,Payroll - Sales & Marketing,Opex - S&M,-30251.64,2025,10
2025-11,Budget,O7,Payroll - Sales & Marketing,Opex - S&M,-31159.19,2025,11
2025-12,Budget,O7,Payroll - Sales & Marketing,Opex - S&M,-32093.97,2025,12
2026-01,Budget,O7,Payroll - Sales & Marketing,Opex - S&M,-29928.96,2026,1
2026-02,Budget,O7,Payroll - Sales & Marketing,Opex - S&M,-30587.39,2026,2
2026-03,Budget,O7,Payroll - Sales & Marketing,Opex - S&M,-31260.32,2026,3
2026-04,Budget,O7,Payroll - Sales & Marketing,Opex - S&M,-31948.04,2026,4
2026-05,Budget,O7,Payroll - Sales & Marketing,Opex - S&M,-32650.9,2026,5
2026-06,Budget,O7,Payroll - Sales & Marketing,Opex - S&M,-33369.22,2026,6
2026-07,Budget,O7,Payroll - Sales & Marketing,Opex - S&M,-34103.34,2026,7
2026-08,Budget,O7,Payroll - Sales & Marketing,Opex - S&M,-34853.62,2026,8
2026-09,Budget,O7,Payroll - Sales & Marketing,Opex - S&M,-35620.39,2026,9
2026-10,Budget,O7,Payroll - Sales & Marketing,Opex - S&M,-36404.04,2026,10
2026-11,Budget,O7,Payroll - Sales & Marketing,Opex - S&M,-37204.93,2026,11
2026-12,Budget,O7,Payroll - Sales & Marketing,Opex - S&M,-38023.44,2026,12
2025-01,Budget,O8,Payroll - G&A,Opex - G&A,-46742.43,2025,1
2025-02,Budget,O8,Payroll - G&A,Opex - G&A,-48144.7,2025,2
2025-03,Budget,O8,Payroll - G&A,Opex - G&A,-49589.04,2025,3
2025-04,Budget,O8,Payroll - G&A,Opex - G&A,-51076.71,2025,4
2025-05,Budget,O8,Payroll - G&A,Opex - G&A,-52609.01,2025,5
2025-06,Budget,O8,Payroll - G&A,Opex - G&A,-54187.28,2025,6
2025-07,Budget,O8,Payroll - G&A,Opex - G&A,-55812.9,2025,7
2025-08,Budget,O8,Payroll - G&A,Opex - G&A,-57487.29,2025,8
2025-09,Budget,O8,Payroll - G&A,Opex - G&A,-59211.91,2025,9
2025-10,Budget,O8,Payroll - G&A,Opex - G&A,-60988.26,2025,10
2025-11,Budget,O8,Payroll - G&A,Opex - G&A,-62817.91,2025,11
2025-12,Budget,O8,Payroll - G&A,Opex - G&A,-64702.45,2025,12
2026-01,Budget,O8,Payroll - G&A,Opex - G&A,-74381.19,2026,1
2026-02,Budget,O8,Payroll - G&A,Opex - G&A,-76017.57,2026,2
2026-03,Budget,O8,Payroll - G&A,Opex - G&A,-77689.96,2026,3
2026-04,Budget,O8,Payroll - G&A,Opex - G&A,-79399.14,2026,4
2026-05,Budget,O8,Payroll - G&A,Opex - G&A,-81145.92,2026,5
2026-06,Budget,O8,Payroll - G&A,Opex - G&A,-82931.13,2026,6
2026-07,Budget,O8,Payroll - G&A,Opex - G&A,-84755.62,2026,7
2026-08,Budget,O8,Payroll - G&A,Opex - G&A,-86620.24,2026,8
2026-09,Budget,O8,Payroll - G&A,Opex - G&A,-88525.88,2026,9
2026-10,Budget,O8,Payroll - G&A,Opex - G&A,-90473.45,2026,10
2026-11,Budget,O8,Payroll - G&A,Opex - G&A,-92463.87,2026,11
2026-12,Budget,O8,Payroll - G&A,Opex - G&A,-94498.07,2026,12
2025-01,Budget,O9,Outsourced support (BPO),Opex - G&A,-8059.94,2025,1
2025-02,Budget,O9,Outsourced support (BPO),Opex - G&A,-8221.14,2025,2
2025-03,Budget,O9,Outsourced support (BPO),Opex - G&A,-8385.56,2025,3
2025-04,Budget,O9,Outsourced support (BPO),Opex - G&A,-8553.27,2025,4
2025-05,Budget,O9,Outsourced support (BPO),Opex - G&A,-8724.34,2025,5
2025-06,Budget,O9,Outsourced support (BPO),Opex - G&A,-8898.82,2025,6
2025-07,Budget,O9,Outsourced support (BPO),Opex - G&A,-9076.8,2025,7
2025-08,Budget,O9,Outsourced support (BPO),Opex - G&A,-9258.34,2025,8
2025-09,Budget,O9,Outsourced support (BPO),Opex - G&A,-9443.5,2025,9
2025-10,Budget,O9,Outsourced support (BPO),Opex - G&A,-9632.37,2025,10
2025-11,Budget,O9,Outsourced support (BPO),Opex - G&A,-9825.02,2025,11
2025-12,Budget,O9,Outsourced support (BPO),Opex - G&A,-10021.52,2025,12
2026-01,Budget,O9,Outsourced support (BPO),Opex - G&A,-15692.29,2026,1
2026-02,Budget,O9,Outsourced support (BPO),Opex - G&A,-16006.14,2026,2
2026-03,Budget,O9,Outsourced support (BPO),Opex - G&A,-16326.26,2026,3
2026-04,Budget,O9,Outsourced support (BPO),Opex - G&A,-16652.79,2026,4
2026-05,Budget,O9,Outsourced support (BPO),Opex - G&A,-16985.84,2026,5
2026-06,Budget,O9,Outsourced support (BPO),Opex - G&A,-17325.56,2026,6
2026-07,Budget,O9,Outsourced support (BPO),Opex - G&A,-17672.07,2026,7
2026-08,Budget,O9,Outsourced support (BPO),Opex - G&A,-18025.51,2026,8
2026-09,Budget,O9,Outsourced support (BPO),Opex - G&A,-18386.02,2026,9
2026-10,Budget,O9,Outsourced support (BPO),Opex - G&A,-18753.74,2026,10
2026-11,Budget,O9,Outsourced support (BPO),Opex - G&A,-19128.82,2026,11
2026-12,Budget,O9,Outsourced support (BPO),Opex - G&A,-19511.39,2026,12
2025-01,Budget,O10,Age assurance & compliance,Opex - G&A,-9285.48,2025,1
2025-02,Budget,O10,Age assurance & compliance,Opex - G&A,-9378.34,2025,2
2025-03,Budget,O10,Age assurance & compliance,Opex - G&A,-9472.12,2025,3
2025-04,Budget,O10,Age assurance & compliance,Opex - G&A,-9566.84,2025,4
2025-05,Budget,O10,Age assurance & compliance,Opex - G&A,-9662.51,2025,5
2025-06,Budget,O10,Age assurance & compliance,Opex - G&A,-9759.14,2025,6
2025-07,Budget,O10,Age assurance & compliance,Opex - G&A,-13306.58,2025,7
2025-08,Budget,O10,Age assurance & compliance,Opex - G&A,-13439.65,2025,8
2025-09,Budget,O10,Age assurance & compliance,Opex - G&A,-13574.05,2025,9
2025-10,Budget,O10,Age assurance & compliance,Opex - G&A,-13709.79,2025,10
2025-11,Budget,O10,Age assurance & compliance,Opex - G&A,-13846.88,2025,11
2025-12,Budget,O10,Age assurance & compliance,Opex - G&A,-13985.35,2025,12
2026-01,Budget,O10,Age assurance & compliance,Opex - G&A,-21272.44,2026,1
2026-02,Budget,O10,Age assurance & compliance,Opex - G&A,-21485.16,2026,2
2026-03,Budget,O10,Age assurance & compliance,Opex - G&A,-21700.01,2026,3
2026-04,Budget,O10,Age assurance & compliance,Opex - G&A,-21917.01,2026,4
2026-05,Budget,O10,Age assurance & compliance,Opex - G&A,-22136.18,2026,5
2026-06,Budget,O10,Age assurance & compliance,Opex - G&A,-22357.55,2026,6
2026-07,Budget,O10,Age assurance & compliance,Opex - G&A,-22581.12,2026,7
2026-08,Budget,O10,Age assurance & compliance,Opex - G&A,-22806.93,2026,8
2026-09,Budget,O10,Age assurance & compliance,Opex - G&A,-23035.0,2026,9
2026-10,Budget,O10,Age assurance & compliance,Opex - G&A,-23265.35,2026,10
2026-11,Budget,O10,Age assurance & compliance,Opex - G&A,-23498.01,2026,11
2026-12,Budget,O10,Age assurance & compliance,Opex - G&A,-23732.99,2026,12
2025-01,Budget,O11,Software & tools,Opex - G&A,-24420.97,2025,1
2025-02,Budget,O11,Software & tools,Opex - G&A,-25153.6,2025,2
2025-03,Budget,O11,Software & tools,Opex - G&A,-25908.2,2025,3
2025-04,Budget,O11,Software & tools,Opex - G&A,-26685.45,2025,4
2025-05,Budget,O11,Software & tools,Opex - G&A,-27486.01,2025,5
2025-06,Budget,O11,Software & tools,Opex - G&A,-28310.59,2025,6
2025-07,Budget,O11,Software & tools,Opex - G&A,-29159.91,2025,7
2025-08,Budget,O11,Software & tools,Opex - G&A,-30034.71,2025,8
2025-09,Budget,O11,Software & tools,Opex - G&A,-30935.75,2025,9
2025-10,Budget,O11,Software & tools,Opex - G&A,-31863.82,2025,10
2025-11,Budget,O11,Software & tools,Opex - G&A,-32819.74,2025,11
2025-12,Budget,O11,Software & tools,Opex - G&A,-33804.33,2025,12
2026-01,Budget,O11,Software & tools,Opex - G&A,-37578.39,2026,1
2026-02,Budget,O11,Software & tools,Opex - G&A,-38705.74,2026,2
2026-03,Budget,O11,Software & tools,Opex - G&A,-39866.91,2026,3
2026-04,Budget,O11,Software & tools,Opex - G&A,-41062.92,2026,4
2026-05,Budget,O11,Software & tools,Opex - G&A,-42294.81,2026,5
2026-06,Budget,O11,Software & tools,Opex - G&A,-43563.65,2026,6
2026-07,Budget,O11,Software & tools,Opex - G&A,-44870.56,2026,7
2026-08,Budget,O11,Software & tools,Opex - G&A,-46216.68,2026,8
2026-09,Budget,O11,Software & tools,Opex - G&A,-47603.18,2026,9
2026-10,Budget,O11,Software & tools,Opex - G&A,-49031.27,2026,10
2026-11,Budget,O11,Software & tools,Opex - G&A,-50502.21,2026,11
2026-12,Budget,O11,Software & tools,Opex - G&A,-52017.28,2026,12
2025-01,Budget,O12,"Office, travel & other G&A",Opex - G&A,-13162.26,2025,1
2025-02,Budget,O12,"Office, travel & other G&A",Opex - G&A,-13359.69,2025,2
2025-03,Budget,O12,"Office, travel & other G&A",Opex - G&A,-13560.09,2025,3
2025-04,Budget,O12,"Office, travel & other G&A",Opex - G&A,-13763.49,2025,4
2025-05,Budget,O12,"Office, travel & other G&A",Opex - G&A,-13969.94,2025,5
2025-06,Budget,O12,"Office, travel & other G&A",Opex - G&A,-14179.49,2025,6
2025-07,Budget,O12,"Office, travel & other G&A",Opex - G&A,-14392.18,2025,7
2025-08,Budget,O12,"Office, travel & other G&A",Opex - G&A,-14608.07,2025,8
2025-09,Budget,O12,"Office, travel & other G&A",Opex - G&A,-14827.19,2025,9
2025-10,Budget,O12,"Office, travel & other G&A",Opex - G&A,-15049.59,2025,10
2025-11,Budget,O12,"Office, travel & other G&A",Opex - G&A,-15275.34,2025,11
2025-12,Budget,O12,"Office, travel & other G&A",Opex - G&A,-15504.47,2025,12
2026-01,Budget,O12,"Office, travel & other G&A",Opex - G&A,-18662.9,2026,1
2026-02,Budget,O12,"Office, travel & other G&A",Opex - G&A,-18942.85,2026,2
2026-03,Budget,O12,"Office, travel & other G&A",Opex - G&A,-19226.99,2026,3
2026-04,Budget,O12,"Office, travel & other G&A",Opex - G&A,-19515.39,2026,4
2026-05,Budget,O12,"Office, travel & other G&A",Opex - G&A,-19808.13,2026,5
2026-06,Budget,O12,"Office, travel & other G&A",Opex - G&A,-20105.25,2026,6
2026-07,Budget,O12,"Office, travel & other G&A",Opex - G&A,-20406.83,2026,7
2026-08,Budget,O12,"Office, travel & other G&A",Opex - G&A,-20712.93,2026,8
2026-09,Budget,O12,"Office, travel & other G&A",Opex - G&A,-21023.62,2026,9
2026-10,Budget,O12,"Office, travel & other G&A",Opex - G&A,-21338.98,2026,10
2026-11,Budget,O12,"Office, travel & other G&A",Opex - G&A,-21659.06,2026,11
2026-12,Budget,O12,"Office, travel & other G&A",Opex - G&A,-21983.95,2026,12
2026-09,Forecast,R1,Subscription revenue (recognised),Revenue,1108860.09,2026,9
2026-10,Forecast,R1,Subscription revenue (recognised),Revenue,1127710.71,2026,10
2026-11,Forecast,R1,Subscription revenue (recognised),Revenue,1234207.82,2026,11
2026-12,Forecast,R1,Subscription revenue (recognised),Revenue,1219665.12,2026,12
2026-09,Forecast,R2,Token pack revenue,Revenue,766223.36,2026,9
2026-10,Forecast,R2,Token pack revenue,Revenue,783080.28,2026,10
2026-11,Forecast,R2,Token pack revenue,Revenue,848326.53,2026,11
2026-12,Forecast,R2,Token pack revenue,Revenue,842452.27,2026,12
2026-09,Forecast,R3,Refunds & chargebacks,Revenue,-20396.86,2026,9
2026-10,Forecast,R3,Refunds & chargebacks,Revenue,-20785.28,2026,10
2026-11,Forecast,R3,Refunds & chargebacks,Revenue,-22653.47,2026,11
2026-12,Forecast,R3,Refunds & chargebacks,Revenue,-22431.38,2026,12
2026-09,Forecast,C1,GPU inference,COGS,-226642.02,2026,9
2026-10,Forecast,C1,GPU inference,COGS,-230958.01,2026,10
2026-11,Forecast,C1,GPU inference,COGS,-251716.69,2026,11
2026-12,Forecast,C1,GPU inference,COGS,-249248.88,2026,12
2026-09,Forecast,C2,"Hosting, storage & CDN",COGS,-87381.59,2026,9
2026-10,Forecast,C2,"Hosting, storage & CDN",COGS,-89045.61,2026,10
2026-11,Forecast,C2,"Hosting, storage & CDN",COGS,-97049.09,2026,11
2026-12,Forecast,C2,"Hosting, storage & CDN",COGS,-96097.64,2026,12
2026-09,Forecast,C3,Payment processing fees,COGS,-127944.3,2026,9
2026-10,Forecast,C3,Payment processing fees,COGS,-130380.77,2026,10
2026-11,Forecast,C3,Payment processing fees,COGS,-142099.49,2026,11
2026-12,Forecast,C3,Payment processing fees,COGS,-140706.36,2026,12
2026-09,Forecast,C4,Chargeback fees,COGS,-3265.52,2026,9
2026-10,Forecast,C4,Chargeback fees,COGS,-3327.7,2026,10
2026-11,Forecast,C4,Chargeback fees,COGS,-3626.8,2026,11
2026-12,Forecast,C4,Chargeback fees,COGS,-3591.24,2026,12
2026-09,Forecast,C5,Content & creator costs,COGS,-147240.08,2026,9
2026-10,Forecast,C5,Content & creator costs,COGS,-150043.99,2026,10
2026-11,Forecast,C5,Content & creator costs,COGS,-163530.06,2026,11
2026-12,Forecast,C5,Content & creator costs,COGS,-161926.83,2026,12
2026-09,Forecast,C6,Third-party AI APIs & licences,COGS,-26571.9,2026,9
2026-10,Forecast,C6,Third-party AI APIs & licences,COGS,-27077.91,2026,10
2026-11,Forecast,C6,Third-party AI APIs & licences,COGS,-29511.7,2026,11
2026-12,Forecast,C6,Third-party AI APIs & licences,COGS,-29222.37,2026,12
2026-09,Forecast,O1,Performance marketing (media),Opex - S&M,-129551.82,2026,9
2026-10,Forecast,O1,Performance marketing (media),Opex - S&M,-129551.82,2026,10
2026-11,Forecast,O1,Performance marketing (media),Opex - S&M,-155711.32,2026,11
2026-12,Forecast,O1,Performance marketing (media),Opex - S&M,-129551.82,2026,12
2026-09,Forecast,O2,Affiliate & creator partnerships,Opex - S&M,-174139.26,2026,9
2026-10,Forecast,O2,Affiliate & creator partnerships,Opex - S&M,-174139.26,2026,10
2026-11,Forecast,O2,Affiliate & creator partnerships,Opex - S&M,-209301.99,2026,11
2026-12,Forecast,O2,Affiliate & creator partnerships,Opex - S&M,-174139.26,2026,12
2026-09,Forecast,O3,"SEO, community & CRM",Opex - S&M,-72478.73,2026,9
2026-10,Forecast,O3,"SEO, community & CRM",Opex - S&M,-72478.73,2026,10
2026-11,Forecast,O3,"SEO, community & CRM",Opex - S&M,-87113.86,2026,11
2026-12,Forecast,O3,"SEO, community & CRM",Opex - S&M,-72478.73,2026,12
2026-09,Forecast,O4,Brand & content marketing,Opex - S&M,-25250.0,2026,9
2026-10,Forecast,O4,Brand & content marketing,Opex - S&M,-25502.5,2026,10
2026-11,Forecast,O4,Brand & content marketing,Opex - S&M,-25757.53,2026,11
2026-12,Forecast,O4,Brand & content marketing,Opex - S&M,-26015.1,2026,12
2026-09,Forecast,O5,Payroll - R&D,Opex - R&D,-213709.53,2026,9
2026-10,Forecast,O5,Payroll - R&D,Opex - R&D,-215846.62,2026,10
2026-11,Forecast,O5,Payroll - R&D,Opex - R&D,-218005.09,2026,11
2026-12,Forecast,O5,Payroll - R&D,Opex - R&D,-220185.14,2026,12
2026-09,Forecast,O6,Payroll - Support & Trust,Opex - G&A,-26672.47,2026,9
2026-10,Forecast,O6,Payroll - Support & Trust,Opex - G&A,-26939.2,2026,10
2026-11,Forecast,O6,Payroll - Support & Trust,Opex - G&A,-27208.59,2026,11
2026-12,Forecast,O6,Payroll - Support & Trust,Opex - G&A,-27480.68,2026,12
2026-09,Forecast,O7,Payroll - Sales & Marketing,Opex - S&M,-35582.42,2026,9
2026-10,Forecast,O7,Payroll - Sales & Marketing,Opex - S&M,-35938.25,2026,10
2026-11,Forecast,O7,Payroll - Sales & Marketing,Opex - S&M,-36297.63,2026,11
2026-12,Forecast,O7,Payroll - Sales & Marketing,Opex - S&M,-36660.6,2026,12
2026-09,Forecast,O8,Payroll - G&A,Opex - G&A,-73714.83,2026,9
2026-10,Forecast,O8,Payroll - G&A,Opex - G&A,-74451.98,2026,10
2026-11,Forecast,O8,Payroll - G&A,Opex - G&A,-75196.5,2026,11
2026-12,Forecast,O8,Payroll - G&A,Opex - G&A,-75948.46,2026,12
2026-09,Forecast,O9,Outsourced support (BPO),Opex - G&A,-25546.1,2026,9
2026-10,Forecast,O9,Outsourced support (BPO),Opex - G&A,-25546.1,2026,10
2026-11,Forecast,O9,Outsourced support (BPO),Opex - G&A,-30054.24,2026,11
2026-12,Forecast,O9,Outsourced support (BPO),Opex - G&A,-25546.1,2026,12
2026-09,Forecast,O10,Age assurance & compliance,Opex - G&A,-25472.6,2026,9
2026-10,Forecast,O10,Age assurance & compliance,Opex - G&A,-25727.33,2026,10
2026-11,Forecast,O10,Age assurance & compliance,Opex - G&A,-25984.6,2026,11
2026-12,Forecast,O10,Age assurance & compliance,Opex - G&A,-26244.45,2026,12
2026-09,Forecast,O11,Software & tools,Opex - G&A,-45450.0,2026,9
2026-10,Forecast,O11,Software & tools,Opex - G&A,-45904.5,2026,10
2026-11,Forecast,O11,Software & tools,Opex - G&A,-46363.55,2026,11
2026-12,Forecast,O11,Software & tools,Opex - G&A,-46827.18,2026,12
2026-09,Forecast,O12,"Office, travel & other G&A",Opex - G&A,-22220.0,2026,9
2026-10,Forecast,O12,"Office, travel & other G&A",Opex - G&A,-22442.2,2026,10
2026-11,Forecast,O12,"Office, travel & other G&A",Opex - G&A,-22666.62,2026,11
2026-12,Forecast,O12,"Office, travel & other G&A",Opex - G&A,-22893.29,2026,12
