month,country_code,plan_id,subscription_revenue_recognized_usd,refund_chargeback_reversals_usd
2024-01,US,P1M,24374.63,-428.92
2024-01,US,P3M,8500.92,-131.94
2024-01,US,P12M,7284.07,-113.02
2024-01,GB,P1M,6714.18,-233.9
2024-01,GB,P3M,2222.03,-31.74
2024-01,GB,P12M,1846.22,-12.69
2024-01,DE,P1M,5299.65,-154.82
2024-01,DE,P3M,2024.12,-9.16
2024-01,DE,P12M,1570.62,-27.46
2024-01,FR,P1M,2704.51,-35.43
2024-01,FR,P3M,899.17,-27.25
2024-01,FR,P12M,887.68,-16.34
2024-01,CA,P1M,2735.95,-34.49
2024-01,CA,P3M,1043.2,-17.68
2024-01,CA,P12M,853.44,-15.9
2024-01,AU,P1M,2550.76,-47.24
2024-01,AU,P3M,744.71,-18.16
2024-01,AU,P12M,615.34,-16.34
2024-01,NL,P1M,1464.06,-23.42
2024-01,NL,P3M,459.38,-0.0
2024-01,NL,P12M,545.49,-5.4
2024-01,CH,P1M,1114.36,-39.33
2024-01,CH,P3M,352.88,-0.0
2024-01,CH,P12M,278.09,-0.0
2024-01,SE,P1M,941.03,-34.01
2024-01,SE,P3M,427.24,-0.0
2024-01,SE,P12M,282.32,-10.46
2024-01,ES,P1M,2073.11,-58.56
2024-01,ES,P3M,792.66,-27.02
2024-01,ES,P12M,550.89,-5.4
2024-01,IT,P1M,2137.43,-34.85
2024-01,IT,P3M,741.5,-8.93
2024-01,IT,P12M,621.37,-5.36
2024-01,PL,P1M,1336.55,-23.04
2024-01,PL,P3M,381.03,-0.0
2024-01,PL,P12M,366.6,-10.63
2024-01,JP,P1M,897.49,-0.0
2024-01,JP,P3M,308.78,-0.0
2024-01,JP,P12M,310.39,-0.0
2024-01,BR,P1M,1657.77,-24.74
2024-01,BR,P3M,732.6,-0.0
2024-01,BR,P12M,713.1,-0.0
2024-01,MX,P1M,1377.39,-33.59
2024-01,MX,P3M,447.83,-0.0
2024-01,MX,P12M,562.85,-5.16
2024-01,IN,P1M,858.66,-0.0
2024-01,IN,P3M,457.17,-0.0
2024-01,IN,P12M,390.87,-0.0
2024-01,ROW,P1M,4750.63,-123.71
2024-01,ROW,P3M,2093.14,-9.51
2024-01,ROW,P12M,2293.31,-34.23
2024-02,US,P1M,28908.88,-674.01
2024-02,US,P3M,10725.11,-245.04
2024-02,US,P12M,10307.32,-141.27
2024-02,GB,P1M,7109.43,-150.82
2024-02,GB,P3M,2754.87,-105.41
2024-02,GB,P12M,2558.55,-69.43
2024-02,DE,P1M,6054.06,-177.07
2024-02,DE,P3M,2525.13,-72.87
2024-02,DE,P12M,2173.19,-38.14
2024-02,FR,P1M,3352.21,-105.12
2024-02,FR,P3M,1229.34,-17.97
2024-02,FR,P12M,1237.59,-16.28
2024-02,CA,P1M,3241.75,-80.47
2024-02,CA,P3M,1343.79,-26.52
2024-02,CA,P12M,1203.3,-5.3
2024-02,AU,P1M,2786.95,-59.05
2024-02,AU,P3M,1053.49,-18.16
2024-02,AU,P12M,860.38,-32.67
2024-02,NL,P1M,1737.55,-34.88
2024-02,NL,P3M,600.73,-0.0
2024-02,NL,P12M,769.77,-5.34
2024-02,CH,P1M,1270.66,-77.94
2024-02,CH,P3M,391.44,-0.0
2024-02,CH,P12M,427.56,-11.96
2024-02,SE,P1M,1166.15,-33.76
2024-02,SE,P3M,443.34,-0.0
2024-02,SE,P12M,411.47,-10.46
2024-02,ES,P1M,2258.81,-0.0
2024-02,ES,P3M,959.94,-8.91
2024-02,ES,P12M,737.78,-10.68
2024-02,IT,P1M,2332.21,-69.44
2024-02,IT,P3M,942.55,-17.67
2024-02,IT,P12M,790.84,-10.6
2024-02,PL,P1M,1515.57,-34.31
2024-02,PL,P3M,423.67,-0.0
2024-02,PL,P12M,524.12,-21.02
2024-02,JP,P1M,850.25,-35.43
2024-02,JP,P3M,417.76,-9.08
2024-02,JP,P12M,441.08,-5.45
2024-02,BR,P1M,2066.03,-37.11
2024-02,BR,P3M,979.97,-38.06
2024-02,BR,P12M,998.33,-22.82
2024-02,MX,P1M,1511.77,-55.99
2024-02,MX,P3M,637.29,-0.0
2024-02,MX,P12M,836.53,-10.33
2024-02,IN,P1M,1089.84,-44.03
2024-02,IN,P3M,575.69,-16.93
2024-02,IN,P12M,573.62,-5.08
2024-02,ROW,P1M,6037.26,-197.94
2024-02,ROW,P3M,2606.91,-28.54
2024-02,ROW,P12M,3137.62,-51.34
2024-03,US,P1M,32609.8,-882.34
2024-03,US,P3M,12553.47,-141.37
2024-03,US,P12M,12799.39,-163.88
2024-03,GB,P1M,8117.56,-384.63
2024-03,GB,P3M,3453.62,-94.96
2024-03,GB,P12M,3047.43,-75.89
2024-03,DE,P1M,7321.11,-165.86
2024-03,DE,P3M,2814.96,-36.5
2024-03,DE,P12M,2654.86,-38.3
2024-03,FR,P1M,3859.5,-140.85
2024-03,FR,P3M,1391.49,-44.98
2024-03,FR,P12M,1568.6,-16.28
2024-03,CA,P1M,3988.96,-126.45
2024-03,CA,P3M,1653.21,-26.52
2024-03,CA,P12M,1489.55,-10.6
2024-03,AU,P1M,3365.59,-47.24
2024-03,AU,P3M,1162.47,-0.0
2024-03,AU,P12M,1040.08,-16.34
2024-03,NL,P1M,2135.52,-46.51
2024-03,NL,P3M,743.86,-0.0
2024-03,NL,P12M,947.39,-0.0
2024-03,CH,P1M,1462.96,-26.12
2024-03,CH,P3M,391.0,-29.99
2024-03,CH,P12M,590.28,-6.02
2024-03,SE,P1M,1242.57,-33.81
2024-03,SE,P3M,503.8,-0.0
2024-03,SE,P12M,479.16,-0.0
2024-03,ES,P1M,2613.97,-46.68
2024-03,ES,P3M,1057.83,-35.63
2024-03,ES,P12M,910.06,-0.0
2024-03,IT,P1M,2777.73,-80.93
2024-03,IT,P3M,1075.54,-26.57
2024-03,IT,P12M,967.04,-0.0
2024-03,PL,P1M,1607.17,-57.4
2024-03,PL,P3M,555.71,-0.0
2024-03,PL,P12M,608.98,-0.0
2024-03,JP,P1M,1251.76,-0.0
2024-03,JP,P3M,608.48,-9.08
2024-03,JP,P12M,544.55,-5.45
2024-03,BR,P1M,2165.0,-98.97
2024-03,BR,P3M,1084.63,-9.51
2024-03,BR,P12M,1363.44,-17.11
2024-03,MX,P1M,1668.54,-67.19
2024-03,MX,P3M,757.86,-0.0
2024-03,MX,P12M,1053.41,-25.82
2024-03,IN,P1M,1166.9,-22.02
2024-03,IN,P3M,702.69,-16.93
2024-03,IN,P12M,705.6,-10.15
2024-03,ROW,P1M,6618.71,-136.09
2024-03,ROW,P3M,2949.43,-28.54
2024-03,ROW,P12M,4038.97,-57.05
2024-04,US,P1M,36090.14,-845.58
2024-04,US,P3M,13957.73,-197.92
2024-04,US,P12M,15347.96,-237.34
2024-04,GB,P1M,8999.13,-203.91
2024-04,GB,P3M,3697.4,-42.01
2024-04,GB,P12M,3752.89,-25.0
2024-04,DE,P1M,8074.32,-246.4
2024-04,DE,P3M,3079.72,-63.5
2024-04,DE,P12M,3183.15,-70.45
2024-04,FR,P1M,4131.17,-151.34
2024-04,FR,P3M,1633.07,-8.92
2024-04,FR,P12M,1910.84,-10.7
2024-04,CA,P1M,4586.73,-114.96
2024-04,CA,P3M,1688.58,-0.0
2024-04,CA,P12M,1754.59,-26.5
2024-04,AU,P1M,3507.3,-106.28
2024-04,AU,P3M,1380.44,-18.16
2024-04,AU,P12M,1301.46,-5.45
2024-04,NL,P1M,2048.51,-11.67
2024-04,NL,P3M,863.85,-26.55
2024-04,NL,P12M,1085.37,-5.31
2024-04,CH,P1M,1378.36,-38.83
2024-04,CH,P3M,497.84,-0.0
2024-04,CH,P12M,655.54,-5.94
2024-04,SE,P1M,1292.27,-22.28
2024-04,SE,P3M,576.96,-0.0
2024-04,SE,P12M,592.18,-10.42
2024-04,ES,P1M,2785.06,-81.36
2024-04,ES,P3M,1192.9,-26.8
2024-04,ES,P12M,1111.72,-16.07
2024-04,IT,P1M,2670.91,-80.22
2024-04,IT,P3M,1104.09,-8.78
2024-04,IT,P12M,1203.89,-15.79
2024-04,PL,P1M,1800.1,-45.44
2024-04,PL,P3M,613.73,-8.71
2024-04,PL,P12M,755.15,-5.22
2024-04,JP,P1M,1358.05,-70.85
2024-04,JP,P3M,644.81,-27.25
2024-04,JP,P12M,658.9,-16.34
2024-04,BR,P1M,1991.8,-86.6
2024-04,BR,P3M,1236.86,-38.06
2024-04,BR,P12M,1648.68,-11.41
2024-04,MX,P1M,1948.5,-22.4
2024-04,MX,P3M,792.31,-0.0
2024-04,MX,P12M,1259.97,-20.66
2024-04,IN,P1M,1497.15,-44.03
2024-04,IN,P3M,694.22,-0.0
2024-04,IN,P12M,852.81,-0.0
2024-04,ROW,P1M,7125.94,-49.49
2024-04,ROW,P3M,3215.83,-19.03
2024-04,ROW,P12M,4957.44,-28.52
2024-05,US,P1M,39827.83,-1029.4
2024-05,US,P3M,15437.38,-179.07
2024-05,US,P12M,18246.9,-214.74
2024-05,GB,P1M,10111.59,-300.11
2024-05,GB,P3M,4203.42,-31.57
2024-05,GB,P12M,4604.91,-50.24
2024-05,DE,P1M,9180.52,-152.91
2024-05,DE,P3M,3236.03,-45.22
2024-05,DE,P12M,3760.28,-16.32
2024-05,FR,P1M,4914.77,-163.53
2024-05,FR,P3M,1778.05,-9.0
2024-05,FR,P12M,2196.92,-10.79
2024-05,CA,P1M,4839.64,-126.45
2024-05,CA,P3M,1971.48,-70.73
2024-05,CA,P12M,2088.55,-15.9
2024-05,AU,P1M,3684.44,-106.28
2024-05,AU,P3M,1571.15,-27.25
2024-05,AU,P12M,1557.4,-32.67
2024-05,NL,P1M,2669.18,-104.35
2024-05,NL,P3M,918.08,-0.0
2024-05,NL,P12M,1278.06,-10.7
2024-05,CH,P1M,1467.87,-51.96
2024-05,CH,P3M,578.03,-29.8
2024-05,CH,P12M,793.36,-5.99
2024-05,SE,P1M,1550.26,-67.22
2024-05,SE,P3M,775.89,-34.56
2024-05,SE,P12M,695.75,-0.0
2024-05,ES,P1M,2808.44,-104.25
2024-05,ES,P3M,1229.22,-35.4
2024-05,ES,P12M,1288.33,-26.67
2024-05,IT,P1M,3096.19,-115.1
2024-05,IT,P3M,1308.44,-0.0
2024-05,IT,P12M,1416.32,-15.92
2024-05,PL,P1M,2009.29,-45.57
2024-05,PL,P3M,675.54,-17.41
2024-05,PL,P12M,928.92,-15.79
2024-05,JP,P1M,1759.55,-47.24
2024-05,JP,P3M,672.05,-18.16
2024-05,JP,P12M,784.15,-5.45
2024-05,BR,P1M,2499.03,-24.74
2024-05,BR,P3M,1303.46,-19.03
2024-05,BR,P12M,1979.55,-28.52
2024-05,MX,P1M,1802.92,-33.59
2024-05,MX,P3M,749.25,-0.0
2024-05,MX,P12M,1502.66,-15.49
2024-05,IN,P1M,1596.23,-33.03
2024-05,IN,P3M,761.95,-0.0
2024-05,IN,P12M,1050.79,-0.0
2024-05,ROW,P1M,8115.66,-235.06
2024-05,ROW,P3M,3910.37,-66.6
2024-05,ROW,P12M,6024.23,-68.46
2024-06,US,P1M,42401.32,-1041.65
2024-06,US,P3M,17152.64,-179.07
2024-06,US,P12M,21264.5,-180.83
2024-06,GB,P1M,10855.52,-302.16
2024-06,GB,P3M,4552.77,-21.16
2024-06,GB,P12M,5328.5,-44.34
2024-06,DE,P1M,9725.34,-247.2
2024-06,DE,P3M,3587.74,-36.22
2024-06,DE,P12M,4383.06,-16.25
2024-06,FR,P1M,5066.75,-151.58
2024-06,FR,P3M,2141.15,-8.96
2024-06,FR,P12M,2508.39,-37.6
2024-06,CA,P1M,5345.44,-160.94
2024-06,CA,P3M,2121.77,-26.52
2024-06,CA,P12M,2380.1,-5.3
2024-06,AU,P1M,4003.28,-59.05
2024-06,AU,P3M,1879.94,-36.33
2024-06,AU,P12M,1846.01,-21.78
2024-06,NL,P1M,2795.45,-81.02
2024-06,NL,P3M,1146.33,-26.73
2024-06,NL,P12M,1475.1,-26.68
2024-06,CH,P1M,1254.2,-25.92
2024-06,CH,P3M,726.06,-9.94
2024-06,CH,P12M,936.42,-5.96
2024-06,SE,P1M,1576.63,-67.14
2024-06,SE,P3M,774.15,-0.0
2024-06,SE,P12M,819.5,-5.16
2024-06,ES,P1M,3026.48,-23.16
2024-06,ES,P3M,1412.39,-0.0
2024-06,ES,P12M,1490.69,-10.65
2024-06,IT,P1M,3196.43,-103.32
2024-06,IT,P3M,1410.93,-17.62
2024-06,IT,P12M,1580.02,-0.0
2024-06,PL,P1M,2170.45,-45.56
2024-06,PL,P3M,804.24,-26.3
2024-06,PL,P12M,1122.73,-5.24
2024-06,JP,P1M,1783.17,-47.24
2024-06,JP,P3M,599.4,-9.08
2024-06,JP,P12M,887.61,-0.0
2024-06,BR,P1M,2907.29,-148.46
2024-06,BR,P3M,1455.69,-9.51
2024-06,BR,P12M,2207.74,-17.11
2024-06,MX,P1M,1858.91,-33.59
2024-06,MX,P3M,835.37,-25.84
2024-06,MX,P12M,1698.89,-15.49
2024-06,IN,P1M,1761.36,-55.04
2024-06,IN,P3M,914.34,-33.86
2024-06,IN,P12M,1284.3,-0.0
2024-06,ROW,P1M,7979.57,-272.17
2024-06,ROW,P3M,4424.14,-28.54
2024-06,ROW,P12M,6936.99,-62.75
2024-07,US,P1M,46249.3,-1323.51
2024-07,US,P3M,19471.08,-386.41
2024-07,US,P12M,25011.08,-186.48
2024-07,GB,P1M,12236.52,-375.05
2024-07,GB,P3M,5018.05,-32.12
2024-07,GB,P12M,6240.53,-76.73
2024-07,DE,P1M,10401.13,-365.68
2024-07,DE,P3M,4045.6,-27.3
2024-07,DE,P12M,5174.36,-21.83
2024-07,FR,P1M,5620.73,-163.93
2024-07,FR,P3M,2311.74,-17.92
2024-07,FR,P12M,2974.01,-37.8
2024-07,CA,P1M,5724.8,-218.42
2024-07,CA,P3M,2466.56,-17.68
2024-07,CA,P12M,2751.16,-42.41
2024-07,AU,P1M,4511.07,-94.47
2024-07,AU,P3M,2043.41,-72.65
2024-07,AU,P12M,2145.51,-21.78
2024-07,NL,P1M,2781.32,-81.12
2024-07,NL,P3M,1257.39,-0.0
2024-07,NL,P12M,1689.88,-0.0
2024-07,CH,P1M,1654.31,-52.01
2024-07,CH,P3M,838.88,-20.04
2024-07,CH,P12M,1080.63,-0.0
2024-07,SE,P1M,1678.47,-56.24
2024-07,SE,P3M,794.83,-17.33
2024-07,SE,P12M,959.79,-5.19
2024-07,ES,P1M,3654.12,-69.65
2024-07,ES,P3M,1641.68,-44.62
2024-07,ES,P12M,1839.57,-5.37
2024-07,IT,P1M,3820.38,-92.25
2024-07,IT,P3M,1566.48,-26.63
2024-07,IT,P12M,2011.12,-10.64
2024-07,PL,P1M,2278.17,-91.33
2024-07,PL,P3M,956.34,-8.8
2024-07,PL,P12M,1286.42,-5.28
2024-07,JP,P1M,1854.03,-82.66
2024-07,JP,P3M,699.3,-18.16
2024-07,JP,P12M,1078.2,-5.45
2024-07,BR,P1M,3117.6,-86.6
2024-07,BR,P3M,1636.46,-9.51
2024-07,BR,P12M,2704.06,-28.52
2024-07,MX,P1M,2038.09,-55.99
2024-07,MX,P3M,921.49,-8.61
2024-07,MX,P12M,1988.06,-15.49
2024-07,IN,P1M,1970.52,-22.02
2024-07,IN,P3M,1024.4,-8.47
2024-07,IN,P12M,1553.34,-15.23
2024-07,ROW,P1M,9389.91,-173.2
2024-07,ROW,P3M,4833.26,-57.09
2024-07,ROW,P12M,8055.12,-57.05
2024-08,US,P1M,48994.36,-1249.98
2024-08,US,P3M,21007.27,-235.61
2024-08,US,P12M,28424.25,-209.08
2024-08,GB,P1M,12648.82,-209.51
2024-08,GB,P3M,5473.85,-75.41
2024-08,GB,P12M,7042.02,-32.3
2024-08,DE,P1M,10828.65,-155.5
2024-08,DE,P3M,4354.72,-64.7
2024-08,DE,P12M,5933.96,-33.08
2024-08,FR,P1M,5983.0,-130.73
2024-08,FR,P3M,2644.58,-45.26
2024-08,FR,P12M,3430.71,-21.81
2024-08,CA,P1M,5782.27,-114.96
2024-08,CA,P3M,2625.69,-26.52
2024-08,CA,P12M,3132.82,-26.5
2024-08,AU,P1M,5266.85,-141.71
2024-08,AU,P3M,2179.64,-9.08
2024-08,AU,P12M,2488.57,-16.34
2024-08,NL,P1M,3475.03,-70.37
2024-08,NL,P3M,1390.59,-17.9
2024-08,NL,P12M,1907.9,-16.18
2024-08,CH,P1M,1772.86,-26.26
2024-08,CH,P3M,924.66,-0.0
2024-08,CH,P12M,1294.16,-18.11
2024-08,SE,P1M,1807.77,-56.68
2024-08,SE,P3M,773.98,-8.8
2024-08,SE,P12M,1070.67,-20.78
2024-08,ES,P1M,3947.82,-117.29
2024-08,ES,P3M,1731.05,-9.09
2024-08,ES,P12M,2090.38,-21.46
2024-08,IT,P1M,3880.29,-140.68
2024-08,IT,P3M,1604.75,-9.02
2024-08,IT,P12M,2292.39,-10.64
2024-08,PL,P1M,2465.06,-69.41
2024-08,PL,P3M,1067.69,-8.94
2024-08,PL,P12M,1447.35,-15.92
2024-08,JP,P1M,2184.68,-35.43
2024-08,JP,P3M,708.38,-9.08
2024-08,JP,P12M,1230.67,-0.0
2024-08,BR,P1M,3501.11,-123.71
2024-08,BR,P3M,1703.06,-19.03
2024-08,BR,P12M,3086.28,-22.82
2024-08,MX,P1M,2575.6,-33.59
2024-08,MX,P3M,1162.63,-0.0
2024-08,MX,P12M,2287.56,-15.49
2024-08,IN,P1M,2102.62,-22.02
2024-08,IN,P3M,1159.86,-0.0
2024-08,IN,P12M,1761.47,-10.15
2024-08,ROW,P1M,9872.4,-185.57
2024-08,ROW,P3M,5071.11,-66.6
2024-08,ROW,P12M,9042.05,-62.75
2024-09,US,P1M,52303.13,-1409.29
2024-09,US,P3M,22468.08,-320.43
2024-09,US,P12M,31848.72,-220.39
2024-09,GB,P1M,13366.15,-413.19
2024-09,GB,P3M,5950.19,-54.56
2024-09,GB,P12M,7814.8,-32.99
2024-09,DE,P1M,11133.17,-374.76
2024-09,DE,P3M,4379.26,-64.95
2024-09,DE,P12M,6694.86,-44.64
2024-09,FR,P1M,6374.08,-95.89
2024-09,FR,P3M,2660.63,-36.66
2024-09,FR,P12M,3802.51,-44.07
2024-09,CA,P1M,6449.02,-80.47
2024-09,CA,P3M,2855.55,-26.52
2024-09,CA,P12M,3620.5,-15.9
2024-09,AU,P1M,5196.0,-82.66
2024-09,AU,P3M,2379.44,-72.65
2024-09,AU,P12M,2782.63,-21.78
2024-09,NL,P1M,3423.1,-154.41
2024-09,NL,P3M,1388.36,-36.53
2024-09,NL,P12M,2172.08,-11.0
2024-09,CH,P1M,2256.23,-66.63
2024-09,CH,P3M,933.39,-30.62
2024-09,CH,P12M,1509.83,-18.36
2024-09,SE,P1M,2170.56,-57.73
2024-09,SE,P3M,904.52,-17.6
2024-09,SE,P12M,1214.67,-0.0
2024-09,ES,P1M,4246.08,-142.7
2024-09,ES,P3M,1913.58,-27.35
2024-09,ES,P12M,2431.64,-22.0
2024-09,IT,P1M,3974.68,-94.1
2024-09,IT,P3M,1681.7,-36.23
2024-09,IT,P12M,2559.81,-10.81
2024-09,PL,P1M,2546.11,-70.19
2024-09,PL,P3M,1133.85,-17.88
2024-09,PL,P12M,1642.31,-10.82
2024-09,JP,P1M,2078.4,-70.85
2024-09,JP,P3M,890.02,-0.0
2024-09,JP,P12M,1421.26,-5.45
2024-09,BR,P1M,3562.97,-86.6
2024-09,BR,P3M,1817.23,-38.06
2024-09,BR,P12M,3422.86,-22.82
2024-09,MX,P1M,2732.38,-100.78
2024-09,MX,P3M,1265.97,-0.0
2024-09,MX,P12M,2525.09,-10.33
2024-09,IN,P1M,2278.75,-44.03
2024-09,IN,P3M,1210.65,-0.0
2024-09,IN,P12M,1923.91,-5.08
2024-09,ROW,P1M,10119.83,-309.29
2024-09,ROW,P3M,5537.31,-66.6
2024-09,ROW,P12M,10183.0,-28.52
2024-10,US,P1M,56555.52,-1372.53
2024-10,US,P3M,23881.75,-263.89
2024-10,US,P12M,35211.03,-237.34
2024-10,GB,P1M,14380.9,-355.01
2024-10,GB,P3M,6291.65,-54.89
2024-10,GB,P12M,8728.32,-71.83
2024-10,DE,P1M,12064.98,-359.24
2024-10,DE,P3M,4679.72,-73.91
2024-10,DE,P12M,7396.24,-60.56
2024-10,FR,P1M,6725.57,-166.55
2024-10,FR,P3M,2855.9,-9.07
2024-10,FR,P12M,4242.72,-5.44
2024-10,CA,P1M,7081.27,-137.95
2024-10,CA,P3M,2988.16,-17.68
2024-10,CA,P12M,4018.07,-21.2
2024-10,AU,P1M,5975.4,-141.71
2024-10,AU,P3M,2533.83,-27.25
2024-10,AU,P12M,3152.92,-10.89
2024-10,NL,P1M,3709.45,-70.89
2024-10,NL,P3M,1426.35,-9.0
2024-10,NL,P12M,2349.86,-27.19
2024-10,CH,P1M,2344.57,-92.19
2024-10,CH,P3M,914.78,-20.15
2024-10,CH,P12M,1684.79,-0.0
2024-10,SE,P1M,2344.75,-45.75
2024-10,SE,P3M,1019.36,-43.89
2024-10,SE,P12M,1360.86,-15.87
2024-10,ES,P1M,4551.98,-82.36
2024-10,ES,P3M,1890.18,-18.0
2024-10,ES,P12M,2598.43,-0.0
2024-10,IT,P1M,4445.03,-104.9
2024-10,IT,P3M,1773.57,-27.12
2024-10,IT,P12M,2789.76,-5.35
2024-10,PL,P1M,2820.31,-58.22
2024-10,PL,P3M,1224.34,-0.0
2024-10,PL,P12M,1833.12,-10.62
2024-10,JP,P1M,2302.77,-47.24
2024-10,JP,P3M,917.26,-0.0
2024-10,JP,P12M,1579.18,-21.78
2024-10,BR,P1M,3983.6,-111.34
2024-10,BR,P3M,1845.77,-28.54
2024-10,BR,P12M,3839.3,-39.93
2024-10,MX,P1M,2855.56,-78.39
2024-10,MX,P3M,1386.54,-25.84
2024-10,MX,P12M,2834.92,-25.82
2024-10,IN,P1M,2509.93,-66.05
2024-10,IN,P3M,1286.85,-8.47
2024-10,IN,P12M,2172.64,-0.0
2024-10,ROW,P1M,10948.71,-346.4
2024-10,ROW,P3M,5603.91,-9.51
2024-10,ROW,P12M,10987.37,-34.23
2024-11,US,P1M,62621.6,-1470.57
2024-11,US,P3M,26935.3,-348.71
2024-11,US,P12M,40251.67,-265.59
2024-11,GB,P1M,15830.75,-597.7
2024-11,GB,P3M,6910.26,-54.07
2024-11,GB,P12M,10032.62,-57.58
2024-11,DE,P1M,12891.68,-326.97
2024-11,DE,P3M,5145.5,-54.45
2024-11,DE,P12M,8516.31,-48.43
2024-11,FR,P1M,7088.3,-185.28
2024-11,FR,P3M,3052.86,-27.0
2024-11,FR,P12M,4841.76,-26.8
2024-11,CA,P1M,7311.19,-149.44
2024-11,CA,P3M,3368.31,-61.88
2024-11,CA,P12M,4680.68,-26.5
2024-11,AU,P1M,6601.28,-141.71
2024-11,AU,P3M,2851.69,-45.41
2024-11,AU,P12M,3708.35,-49.01
2024-11,NL,P1M,4016.98,-69.63
2024-11,NL,P3M,1691.6,-18.0
2024-11,NL,P12M,2597.51,-26.85
2024-11,CH,P1M,2324.81,-64.19
2024-11,CH,P3M,1099.87,-20.15
2024-11,CH,P12M,1942.41,-5.89
2024-11,SE,P1M,2297.71,-33.7
2024-11,SE,P3M,1102.66,-0.0
2024-11,SE,P12M,1629.67,-5.09
2024-11,ES,P1M,4758.75,-92.45
2024-11,ES,P3M,2110.07,-0.0
2024-11,ES,P12M,3079.92,-36.84
2024-11,IT,P1M,4685.79,-148.58
2024-11,IT,P3M,1968.78,-26.56
2024-11,IT,P12M,3193.97,-20.88
2024-11,PL,P1M,3143.37,-79.44
2024-11,PL,P3M,1394.84,-0.0
2024-11,PL,P12M,2074.52,-10.35
2024-11,JP,P1M,2468.1,-47.24
2024-11,JP,P3M,1144.31,-9.08
2024-11,JP,P12M,1862.35,-0.0
2024-11,BR,P1M,4292.89,-61.86
2024-11,BR,P3M,2093.14,-19.03
2024-11,BR,P12M,4364.14,-28.52
2024-11,MX,P1M,3213.91,-78.39
2024-11,MX,P3M,1550.17,-25.84
2024-11,MX,P12M,3206.72,-25.82
2024-11,IN,P1M,2807.16,-44.03
2024-11,IN,P3M,1456.17,-16.93
2024-11,IN,P12M,2533.06,-10.15
2024-11,ROW,P1M,12680.71,-358.77
2024-11,ROW,P3M,6241.37,-19.03
2024-11,ROW,P12M,12550.48,-51.34
2024-12,US,P1M,64925.49,-1593.11
2024-12,US,P3M,29206.61,-395.83
2024-12,US,P12M,44049.1,-310.8
2024-12,GB,P1M,16569.29,-466.34
2024-12,GB,P3M,7563.26,-127.04
2024-12,GB,P12M,11033.73,-88.8
2024-12,DE,P1M,13270.32,-368.21
2024-12,DE,P3M,5859.67,-79.94
2024-12,DE,P12M,9252.61,-84.86
2024-12,FR,P1M,7453.4,-205.66
2024-12,FR,P3M,3216.15,-52.85
2024-12,FR,P12M,5245.58,-21.07
2024-12,CA,P1M,7794.0,-160.94
2024-12,CA,P3M,3492.08,-8.84
2024-12,CA,P12M,5163.06,-21.2
2024-12,AU,P1M,6802.04,-165.33
2024-12,AU,P3M,2997.0,-36.33
2024-12,AU,P12M,4127.65,-54.45
2024-12,NL,P1M,4039.05,-113.15
2024-12,NL,P3M,1793.99,-26.21
2024-12,NL,P12M,2805.69,-31.28
2024-12,CH,P1M,2506.1,-139.25
2024-12,CH,P3M,1229.62,-9.69
2024-12,CH,P12M,2207.07,-17.42
2024-12,SE,P1M,2494.0,-65.81
2024-12,SE,P3M,1101.29,-0.0
2024-12,SE,P12M,1762.51,-10.04
2024-12,ES,P1M,5186.64,-135.33
2024-12,ES,P3M,2121.41,-17.3
2024-12,ES,P12M,3389.7,-5.19
2024-12,IT,P1M,4876.32,-168.34
2024-12,IT,P3M,2139.38,-8.58
2024-12,IT,P12M,3505.94,-20.73
2024-12,PL,P1M,3309.3,-77.95
2024-12,PL,P3M,1497.44,-8.51
2024-12,PL,P12M,2240.07,-5.1
2024-12,JP,P1M,2668.85,-59.05
2024-12,JP,P3M,1289.62,-9.08
2024-12,JP,P12M,1987.59,-5.45
2024-12,BR,P1M,4676.4,-148.46
2024-12,BR,P3M,2397.6,-28.54
2024-12,BR,P12M,4849.05,-28.52
2024-12,MX,P1M,3449.07,-78.39
2024-12,MX,P3M,1782.7,-0.0
2024-12,MX,P12M,3501.05,-15.49
2024-12,IN,P1M,3137.42,-55.04
2024-12,IN,P3M,1540.83,-33.86
2024-12,IN,P12M,2715.81,-35.53
2024-12,ROW,P1M,13076.6,-210.31
2024-12,ROW,P3M,6774.17,-47.57
2024-12,ROW,P12M,13697.13,-96.98
2025-01,US,P1M,67217.12,-1948.5
2025-01,US,P3M,30912.45,-386.41
2025-01,US,P12M,47032.8,-339.06
2025-01,GB,P1M,16858.42,-470.49
2025-01,GB,P3M,7631.9,-62.7
2025-01,GB,P12M,11643.75,-81.07
2025-01,DE,P1M,13354.27,-306.18
2025-01,DE,P3M,6010.97,-104.92
2025-01,DE,P12M,9774.46,-68.12
2025-01,FR,P1M,9187.18,-146.07
2025-01,FR,P3M,3617.65,-34.47
2025-01,FR,P12M,6026.95,-57.22
2025-01,CA,P1M,8046.9,-218.42
2025-01,CA,P3M,3642.37,-61.88
2025-01,CA,P12M,5523.52,-53.01
2025-01,AU,P1M,6813.85,-141.71
2025-01,AU,P3M,3369.35,-72.65
2025-01,AU,P12M,4476.16,-43.56
2025-01,NL,P1M,4311.18,-89.31
2025-01,NL,P3M,1914.4,-8.55
2025-01,NL,P12M,2970.07,-25.62
2025-01,CH,P1M,2574.51,-37.62
2025-01,CH,P3M,1281.21,-19.37
2025-01,CH,P12M,2285.75,-5.74
2025-01,SE,P1M,2602.88,-107.96
2025-01,SE,P3M,1130.7,-8.27
2025-01,SE,P12M,1921.23,-9.92
2025-01,ES,P1M,5233.41,-122.92
2025-01,ES,P3M,2326.41,-42.94
2025-01,ES,P12M,3768.22,-20.62
2025-01,IT,P1M,5080.31,-99.46
2025-01,IT,P3M,2208.1,-17.16
2025-01,IT,P12M,3708.38,-25.41
2025-01,PL,P1M,3377.56,-22.0
2025-01,PL,P3M,1448.44,-34.05
2025-01,PL,P12M,2470.36,-20.29
2025-01,JP,P1M,2810.56,-129.9
2025-01,JP,P3M,1434.93,-0.0
2025-01,JP,P12M,2123.73,-21.78
2025-01,BR,P1M,5059.91,-37.11
2025-01,BR,P3M,2568.86,-9.51
2025-01,BR,P12M,5299.72,-57.05
2025-01,MX,P1M,3505.06,-78.39
2025-01,MX,P3M,1834.37,-17.22
2025-01,MX,P12M,3681.78,-10.33
2025-01,IN,P1M,3335.57,-77.06
2025-01,IN,P3M,1625.49,-0.0
2025-01,IN,P12M,2842.71,-15.23
2025-01,ROW,P1M,12990.0,-408.26
2025-01,ROW,P3M,7611.43,-76.11
2025-01,ROW,P12M,14598.49,-74.16
2025-02,US,P1M,69643.56,-1887.23
2025-02,US,P3M,31534.47,-282.74
2025-02,US,P12M,50536.39,-389.92
2025-02,GB,P1M,17415.82,-324.06
2025-02,GB,P3M,7745.41,-62.3
2025-02,GB,P12M,12520.91,-74.72
2025-02,DE,P1M,13829.41,-408.04
2025-02,DE,P3M,6294.55,-52.23
2025-02,DE,P12M,10476.45,-83.66
2025-02,FR,P1M,11449.13,-180.04
2025-02,FR,P3M,4131.71,-77.8
2025-02,FR,P12M,6679.42,-51.84
2025-02,CA,P1M,8426.26,-149.44
2025-02,CA,P3M,3863.39,-44.2
2025-02,CA,P12M,6058.91,-15.9
2025-02,AU,P1M,7416.11,-153.52
2025-02,AU,P3M,3505.58,-72.65
2025-02,AU,P12M,4835.56,-54.45
2025-02,NL,P1M,4615.56,-111.56
2025-02,NL,P3M,2054.44,-42.87
2025-02,NL,P12M,3116.92,-15.4
2025-02,CH,P1M,3002.24,-49.97
2025-02,CH,P3M,1279.99,-9.62
2025-02,CH,P12M,2419.38,-5.77
2025-02,SE,P1M,2574.7,-54.03
2025-02,SE,P3M,1147.8,-16.64
2025-02,SE,P12M,2061.03,-14.91
2025-02,ES,P1M,5420.21,-167.51
2025-02,ES,P3M,2406.15,-34.18
2025-02,ES,P12M,4034.98,-41.11
2025-02,IT,P1M,5253.86,-77.33
2025-02,IT,P3M,2335.66,-0.0
2025-02,IT,P12M,4019.64,-10.22
2025-02,PL,P1M,3617.02,-43.85
2025-02,PL,P3M,1505.96,-16.81
2025-02,PL,P12M,2622.36,-5.07
2025-02,JP,P1M,3023.13,-47.24
2025-02,JP,P3M,1507.58,-18.16
2025-02,JP,P12M,2248.97,-43.56
2025-02,BR,P1M,5579.51,-123.71
2025-02,BR,P3M,2568.86,-38.06
2025-02,BR,P12M,5761.81,-28.52
2025-02,MX,P1M,3639.44,-67.19
2025-02,MX,P3M,1825.76,-0.0
2025-02,MX,P12M,3924.48,-36.15
2025-02,IN,P1M,3401.62,-99.08
2025-02,IN,P3M,1752.48,-8.47
2025-02,IN,P12M,3035.61,-25.38
2025-02,ROW,P1M,13521.97,-408.26
2025-02,ROW,P3M,7992.0,-95.14
2025-02,ROW,P12M,15705.21,-39.93
2025-03,US,P1M,74653.54,-2188.93
2025-03,US,P3M,33080.09,-245.04
2025-03,US,P12M,54243.41,-316.45
2025-03,GB,P1M,19542.83,-442.59
2025-03,GB,P3M,7759.5,-105.54
2025-03,GB,P12M,13425.67,-95.48
2025-03,DE,P1M,15858.84,-349.65
2025-03,DE,P3M,6587.41,-115.29
2025-03,DE,P12M,11232.94,-111.45
2025-03,FR,P1M,13396.2,-431.82
2025-03,FR,P3M,4992.58,-53.33
2025-03,FR,P12M,7542.64,-37.37
2025-03,CA,P1M,8837.63,-198.96
2025-03,CA,P3M,3987.16,-26.52
2025-03,CA,P12M,6615.5,-53.01
2025-03,AU,P1M,7704.23,-181.68
2025-03,AU,P3M,3687.22,-45.41
2025-03,AU,P12M,5249.42,-32.67
2025-03,NL,P1M,5025.11,-142.9
2025-03,NL,P3M,2207.94,-26.11
2025-03,NL,P12M,3357.15,-16.05
2025-03,CH,P1M,3540.36,-106.44
2025-03,CH,P3M,1362.48,-0.0
2025-03,CH,P12M,2628.32,-0.0
2025-03,SE,P1M,2892.31,-57.07
2025-03,SE,P3M,1227.57,-0.0
2025-03,SE,P12M,2185.4,-10.36
2025-03,ES,P1M,5956.23,-200.5
2025-03,ES,P3M,2571.77,-43.96
2025-03,ES,P12M,4334.93,-16.05
2025-03,IT,P1M,5679.85,-155.41
2025-03,IT,P3M,2461.88,-34.75
2025-03,IT,P12M,4310.91,-25.75
2025-03,PL,P1M,3794.71,-176.13
2025-03,PL,P3M,1584.15,-16.91
2025-03,PL,P12M,2837.81,-0.0
2025-03,JP,P1M,3398.37,-148.07
2025-03,JP,P3M,1471.25,-18.16
2025-03,JP,P12M,2385.11,-32.67
2025-03,BR,P1M,5398.82,-152.27
2025-03,BR,P3M,2740.11,-0.0
2025-03,BR,P12M,6098.39,-45.64
2025-03,MX,P1M,3835.07,-57.72
2025-03,MX,P3M,1937.72,-8.61
2025-03,MX,P12M,4100.05,-0.0
2025-03,IN,P1M,3629.49,-101.62
2025-03,IN,P3M,1845.61,-0.0
2025-03,IN,P12M,3228.51,-15.23
2025-03,ROW,P1M,14742.35,-470.12
2025-03,ROW,P3M,8201.31,-104.66
2025-03,ROW,P12M,16492.47,-91.28
2025-04,US,P1M,75429.1,-1699.69
2025-04,US,P3M,33831.91,-387.34
2025-04,US,P12M,58905.08,-310.68
2025-04,GB,P1M,20140.74,-438.87
2025-04,GB,P3M,8663.98,-107.79
2025-04,GB,P12M,14483.94,-56.81
2025-04,DE,P1M,17405.91,-416.35
2025-04,DE,P3M,7010.22,-82.49
2025-04,DE,P12M,12147.11,-73.67
2025-04,FR,P1M,14226.34,-366.11
2025-04,FR,P3M,5506.2,-55.39
2025-04,FR,P12M,8615.89,-70.55
2025-04,CA,P1M,9177.28,-180.4
2025-04,CA,P3M,4110.9,-95.48
2025-04,CA,P12M,7318.47,-22.96
2025-04,AU,P1M,8204.85,-145.35
2025-04,AU,P3M,3817.96,-26.34
2025-04,AU,P12M,5746.5,-19.96
2025-04,NL,P1M,5588.59,-125.15
2025-04,NL,P3M,2353.25,-0.0
2025-04,NL,P12M,3632.64,-34.37
2025-04,CH,P1M,3427.76,-98.65
2025-04,CH,P3M,1572.91,-29.32
2025-04,CH,P12M,2863.63,-8.29
2025-04,SE,P1M,2768.61,-47.13
2025-04,SE,P3M,1233.81,-0.0
2025-04,SE,P12M,2311.3,-13.94
2025-04,ES,P1M,6291.58,-206.42
2025-04,ES,P3M,2838.04,-17.85
2025-04,ES,P12M,4748.42,-9.26
2025-04,IT,P1M,6027.53,-150.84
2025-04,IT,P3M,2687.95,-17.7
2025-04,IT,P12M,4735.78,-27.55
2025-04,PL,P1M,4201.3,-48.82
2025-04,PL,P3M,1681.65,-0.0
2025-04,PL,P12M,3157.95,-25.11
2025-04,JP,P1M,3551.02,-37.25
2025-04,JP,P3M,1510.29,-52.67
2025-04,JP,P12M,2626.39,-18.15
2025-04,BR,P1M,5841.41,-78.99
2025-04,BR,P3M,2915.14,-8.56
2025-04,BR,P12M,6548.8,-60.84
2025-04,MX,P1M,3743.79,-68.91
2025-04,MX,P3M,1966.12,-7.75
2025-04,MX,P12M,4468.22,-22.36
2025-04,IN,P1M,3763.33,-45.73
2025-04,IN,P3M,1984.44,-16.93
2025-04,IN,P12M,3580.31,-21.99
2025-04,ROW,P1M,14733.91,-297.88
2025-04,ROW,P3M,8330.66,-140.81
2025-04,ROW,P12M,17581.43,-98.86
2025-05,US,P1M,81273.98,-1482.9
2025-05,US,P3M,34623.29,-347.75
2025-05,US,P12M,62747.58,-301.27
2025-05,GB,P1M,22180.57,-372.19
2025-05,GB,P3M,8834.14,-10.02
2025-05,GB,P12M,15432.08,-42.09
2025-05,DE,P1M,18844.04,-225.44
2025-05,DE,P3M,7454.76,-55.79
2025-05,DE,P12M,12984.82,-58.6
2025-05,FR,P1M,15872.77,-313.51
2025-05,FR,P3M,6001.57,-91.94
2025-05,FR,P12M,9585.62,-54.37
2025-05,CA,P1M,9892.04,-148.57
2025-05,CA,P3M,4392.88,-42.43
2025-05,CA,P12M,7896.02,-19.43
2025-05,AU,P1M,8762.83,-89.03
2025-05,AU,P3M,3965.96,-87.18
2025-05,AU,P12M,6221.82,-29.04
2025-05,NL,P1M,5673.23,-141.49
2025-05,NL,P3M,2522.76,-27.86
2025-05,NL,P12M,3927.6,-13.02
2025-05,CH,P1M,3766.35,-87.59
2025-05,CH,P3M,1703.31,-10.42
2025-05,CH,P12M,3032.08,-10.41
2025-05,SE,P1M,3143.52,-36.92
2025-05,SE,P3M,1374.66,-0.0
2025-05,SE,P12M,2483.77,-23.39
2025-05,ES,P1M,6977.43,-78.25
2025-05,ES,P3M,3065.67,-25.14
2025-05,ES,P12M,5126.12,-48.29
2025-05,IT,P1M,6428.7,-88.59
2025-05,IT,P3M,2815.92,-60.8
2025-05,IT,P12M,5117.89,-5.54
2025-05,PL,P1M,4593.09,-64.15
2025-05,PL,P3M,1821.93,-8.24
2025-05,PL,P12M,3328.18,-14.64
2025-05,JP,P1M,3662.84,-25.44
2025-05,JP,P3M,1438.54,-0.0
2025-05,JP,P12M,2880.42,-16.33
2025-05,BR,P1M,6155.6,-90.41
2025-05,BR,P3M,3229.09,-26.64
2025-05,BR,P12M,7010.64,-26.61
2025-05,MX,P1M,4136.7,-59.44
2025-05,MX,P3M,2102.17,-8.61
2025-05,MX,P12M,4810.57,-25.8
2025-05,IN,P1M,3675.34,-47.42
2025-05,IN,P3M,2128.35,-0.0
2025-05,IN,P12M,3910.11,-15.22
2025-05,ROW,P1M,15855.33,-278.85
2025-05,ROW,P3M,8322.98,-54.23
2025-05,ROW,P12M,18425.13,-68.44
2025-06,US,P1M,78132.83,-1267.02
2025-06,US,P3M,34368.22,-251.61
2025-06,US,P12M,67300.42,-323.77
2025-06,GB,P1M,22194.84,-409.25
2025-06,GB,P3M,9103.99,-115.58
2025-06,GB,P12M,16592.49,-58.33
2025-06,DE,P1M,18163.72,-324.14
2025-06,DE,P3M,7745.31,-53.78
2025-06,DE,P12M,14017.94,-84.81
2025-06,FR,P1M,15848.19,-187.02
2025-06,FR,P3M,6332.56,-53.33
2025-06,FR,P12M,10806.51,-95.12
2025-06,CA,P1M,9879.66,-148.57
2025-06,CA,P3M,4619.12,-23.87
2025-06,CA,P12M,8531.42,-49.43
2025-06,AU,P1M,8355.85,-165.34
2025-06,AU,P3M,3886.89,-24.52
2025-06,AU,P12M,6693.17,-10.88
2025-06,NL,P1M,5732.32,-66.08
2025-06,NL,P3M,2578.46,-25.7
2025-06,NL,P12M,4220.94,-15.21
2025-06,CH,P1M,3715.53,-74.29
2025-06,CH,P3M,1651.68,-0.0
2025-06,CH,P12M,3253.12,-8.51
2025-06,SE,P1M,3097.05,-25.81
2025-06,SE,P3M,1391.2,-8.29
2025-06,SE,P12M,2671.14,-7.36
2025-06,ES,P1M,7278.71,-173.01
2025-06,ES,P3M,3120.74,-27.19
2025-06,ES,P12M,5569.89,-19.01
2025-06,IT,P1M,6637.29,-91.69
2025-06,IT,P3M,2949.86,-53.94
2025-06,IT,P12M,5598.33,-33.54
2025-06,PL,P1M,4314.57,-91.23
2025-06,PL,P3M,1921.42,-0.0
2025-06,PL,P12M,3533.77,-22.28
2025-06,JP,P1M,3472.06,-89.03
2025-06,JP,P3M,1487.55,-0.0
2025-06,JP,P12M,3116.13,-14.51
2025-06,BR,P1M,6142.28,-93.27
2025-06,BR,P3M,3171.0,-8.56
2025-06,BR,P12M,7521.61,-3.8
2025-06,MX,P1M,3509.56,-48.24
2025-06,MX,P3M,2102.13,-0.0
2025-06,MX,P12M,5116.57,-6.88
2025-06,IN,P1M,3556.78,-23.71
2025-06,IN,P3M,2049.58,-7.62
2025-06,IN,P12M,4342.81,-20.29
2025-06,ROW,P1M,15468.94,-199.86
2025-06,ROW,P3M,8317.11,-36.15
2025-06,ROW,P12M,19442.94,-22.8
2025-07,US,P1M,77776.48,-1517.78
2025-07,US,P3M,35229.96,-369.42
2025-07,US,P12M,72771.49,-319.96
2025-07,GB,P1M,22096.56,-519.55
2025-07,GB,P3M,9020.49,-40.43
2025-07,GB,P12M,17938.92,-85.34
2025-07,DE,P1M,18688.38,-315.12
2025-07,DE,P3M,7914.11,-63.48
2025-07,DE,P12M,15490.86,-70.49
2025-07,FR,P1M,16707.98,-298.35
2025-07,FR,P3M,6840.24,-54.2
2025-07,FR,P12M,12195.58,-85.24
2025-07,CA,P1M,9743.48,-160.95
2025-07,CA,P3M,4803.81,-31.82
2025-07,CA,P12M,9330.99,-24.72
2025-07,AU,P1M,8775.55,-101.75
2025-07,AU,P3M,3998.54,-16.35
2025-07,AU,P12M,7333.21,-43.53
2025-07,NL,P1M,5712.36,-53.67
2025-07,NL,P3M,2683.47,-0.0
2025-07,NL,P12M,4722.25,-30.71
2025-07,CH,P1M,4081.3,-75.39
2025-07,CH,P3M,1788.68,-21.31
2025-07,CH,P12M,3510.03,-8.62
2025-07,SE,P1M,3202.7,-91.51
2025-07,SE,P3M,1441.11,-0.0
2025-07,SE,P12M,2958.97,-22.37
2025-07,ES,P1M,7454.43,-121.02
2025-07,ES,P3M,3125.04,-8.68
2025-07,ES,P12M,5989.4,-26.86
2025-07,IT,P1M,6897.76,-93.41
2025-07,IT,P3M,3010.34,-34.43
2025-07,IT,P12M,5951.64,-22.82
2025-07,PL,P1M,4769.25,-66.42
2025-07,PL,P3M,2180.57,-25.39
2025-07,PL,P12M,3864.53,-7.58
2025-07,JP,P1M,3624.68,-38.15
2025-07,JP,P3M,1522.03,-8.17
2025-07,JP,P12M,3346.37,-21.76
2025-07,BR,P1M,6462.05,-106.59
2025-07,BR,P3M,3248.95,-0.0
2025-07,BR,P12M,7984.9,-22.8
2025-07,MX,P1M,3847.25,-72.36
2025-07,MX,P3M,2149.47,-7.75
2025-07,MX,P12M,5558.39,-20.64
2025-07,IN,P1M,3438.22,-59.28
2025-07,IN,P3M,2139.28,-0.0
2025-07,IN,P12M,4641.88,-23.67
2025-07,ROW,P1M,16121.81,-226.5
2025-07,ROW,P3M,8564.31,-68.5
2025-07,ROW,P12M,20777.99,-91.22
2025-08,US,P1M,81511.55,-1412.2
2025-08,US,P3M,37280.06,-393.91
2025-08,US,P12M,78380.12,-395.25
2025-08,GB,P1M,21340.68,-438.75
2025-08,GB,P3M,9230.54,-80.58
2025-08,GB,P12M,18992.24,-67.1
2025-08,DE,P1M,18530.81,-342.72
2025-08,DE,P3M,8092.49,-17.6
2025-08,DE,P12M,16938.35,-86.04
2025-08,FR,P1M,18064.0,-244.55
2025-08,FR,P3M,7232.56,-36.95
2025-08,FR,P12M,13620.42,-100.77
2025-08,CA,P1M,10758.68,-259.99
2025-08,CA,P3M,4855.0,-31.82
2025-08,CA,P12M,10100.5,-52.96
2025-08,AU,P1M,9347.86,-267.08
2025-08,AU,P3M,4083.84,-24.52
2025-08,AU,P12M,8014.95,-50.78
2025-08,NL,P1M,5953.61,-215.65
2025-08,NL,P3M,2628.22,-8.66
2025-08,NL,P12M,5251.15,-15.37
2025-08,CH,P1M,4206.51,-150.85
2025-08,CH,P3M,1927.72,-38.8
2025-08,CH,P12M,3790.37,-4.3
2025-08,SE,P1M,3559.56,-65.26
2025-08,SE,P3M,1383.12,-0.0
2025-08,SE,P12M,3199.85,-14.87
2025-08,ES,P1M,7408.34,-121.3
2025-08,ES,P3M,3345.25,-60.59
2025-08,ES,P12M,6611.09,-30.73
2025-08,IT,P1M,7187.31,-40.15
2025-08,IT,P3M,3165.98,-25.75
2025-08,IT,P12M,6484.42,-45.78
2025-08,PL,P1M,4902.76,-79.54
2025-08,PL,P3M,2363.8,-25.54
2025-08,PL,P12M,4257.37,-18.92
2025-08,JP,P1M,3879.05,-25.44
2025-08,JP,P3M,1541.07,-0.0
2025-08,JP,P12M,3665.48,-21.76
2025-08,BR,P1M,6382.1,-159.89
2025-08,BR,P3M,3383.05,-27.59
2025-08,BR,P12M,8700.96,-22.8
2025-08,MX,P1M,4245.24,-36.18
2025-08,MX,P3M,2070.21,-7.75
2025-08,MX,P12M,6043.22,-30.96
2025-08,IN,P1M,3639.77,-94.85
2025-08,IN,P3M,2066.44,-7.62
2025-08,IN,P12M,5032.33,-10.14
2025-08,ROW,P1M,16494.88,-306.45
2025-08,ROW,P3M,8928.53,-59.93
2025-08,ROW,P12M,22601.39,-110.2
2025-09,US,P1M,85048.64,-1570.58
2025-09,US,P3M,38952.47,-273.28
2025-09,US,P12M,84218.32,-323.72
2025-09,GB,P1M,20633.94,-423.86
2025-09,GB,P3M,9372.46,-20.21
2025-09,GB,P12M,20191.77,-67.28
2025-09,DE,P1M,20312.88,-358.07
2025-09,DE,P3M,8450.88,-44.31
2025-09,DE,P12M,18502.25,-62.93
2025-09,FR,P1M,18570.96,-409.79
2025-09,FR,P3M,7622.51,-26.36
2025-09,FR,P12M,15194.08,-85.75
2025-09,CA,P1M,10622.5,-111.42
2025-09,CA,P3M,4876.18,-39.78
2025-09,CA,P12M,10827.63,-42.37
2025-09,AU,P1M,9373.3,-139.9
2025-09,AU,P3M,4200.95,-16.35
2025-09,AU,P12M,8814.64,-39.9
2025-09,NL,P1M,6319.99,-81.28
2025-09,NL,P3M,2818.5,-8.72
2025-09,NL,P12M,5656.23,-30.89
2025-09,CH,P1M,4341.66,-136.42
2025-09,CH,P3M,2138.9,-68.15
2025-09,CH,P12M,4068.91,-17.24
2025-09,SE,P1M,3584.0,-91.9
2025-09,SE,P3M,1516.05,-25.19
2025-09,SE,P12M,3436.59,-7.49
2025-09,ES,P1M,7418.53,-135.34
2025-09,ES,P3M,3466.17,-52.05
2025-09,ES,P12M,7196.22,-42.44
2025-09,IT,P1M,7761.25,-134.14
2025-09,IT,P3M,3358.38,-0.0
2025-09,IT,P12M,7069.4,-30.69
2025-09,PL,P1M,5163.23,-93.12
2025-09,PL,P3M,2473.36,-25.6
2025-09,PL,P12M,4625.91,-11.42
2025-09,JP,P1M,4044.38,-89.03
2025-09,JP,P3M,1496.56,-8.17
2025-09,JP,P12M,3942.86,-32.65
2025-09,BR,P1M,6768.5,-119.91
2025-09,BR,P3M,3611.34,-25.69
2025-09,BR,P12M,9436.09,-22.8
2025-09,MX,P1M,4438.21,-84.42
2025-09,MX,P3M,2164.05,-15.5
2025-09,MX,P12M,6533.22,-17.2
2025-09,IN,P1M,3959.88,-71.14
2025-09,IN,P3M,2090.97,-0.0
2025-09,IN,P12M,5444.75,-13.53
2025-09,ROW,P1M,16761.35,-333.1
2025-09,ROW,P3M,9119.68,-25.69
2025-09,ROW,P12M,24171.99,-91.2
2025-10,US,P1M,88915.69,-1649.76
2025-10,US,P3M,40710.7,-453.27
2025-10,US,P12M,90182.07,-395.25
2025-10,GB,P1M,21104.08,-373.72
2025-10,GB,P3M,9485.1,-90.36
2025-10,GB,P12M,21146.74,-66.59
2025-10,DE,P1M,22053.87,-341.93
2025-10,DE,P3M,9381.59,-96.95
2025-10,DE,P12M,19937.52,-136.82
2025-10,FR,P1M,19687.15,-271.76
2025-10,FR,P3M,8193.48,-52.43
2025-10,FR,P12M,16745.18,-77.54
2025-10,CA,P1M,11687.22,-222.85
2025-10,CA,P3M,5221.79,-71.6
2025-10,CA,P12M,11538.81,-45.9
2025-10,AU,P1M,9932.9,-165.34
2025-10,AU,P3M,4515.11,-24.52
2025-10,AU,P12M,9489.05,-29.02
2025-10,NL,P1M,6898.1,-134.58
2025-10,NL,P3M,2936.53,-8.64
2025-10,NL,P12M,6119.26,-23.01
2025-10,CH,P1M,4741.13,-15.05
2025-10,CH,P3M,2131.21,-9.67
2025-10,CH,P12M,4391.57,-21.46
2025-10,SE,P1M,3748.69,-52.18
2025-10,SE,P3M,1659.79,-8.36
2025-10,SE,P12M,3656.78,-26.05
2025-10,ES,P1M,8094.85,-80.91
2025-10,ES,P3M,3742.27,-51.99
2025-10,ES,P12M,7907.68,-46.02
2025-10,IT,P1M,8308.56,-160.5
2025-10,IT,P3M,3626.3,-53.64
2025-10,IT,P12M,7712.93,-26.69
2025-10,PL,P1M,5582.19,-172.42
2025-10,PL,P3M,2475.6,-44.56
2025-10,PL,P12M,5012.67,-30.25
2025-10,JP,P1M,4235.15,-76.31
2025-10,JP,P3M,1751.73,-16.35
2025-10,JP,P12M,4256.52,-10.88
2025-10,BR,P1M,7261.48,-93.27
2025-10,BR,P3M,3721.69,-34.25
2025-10,BR,P12M,10193.91,-53.2
2025-10,MX,P1M,4812.08,-180.91
2025-10,MX,P3M,2364.68,-46.5
2025-10,MX,P12M,6885.53,-37.84
2025-10,IN,P1M,4398.55,-71.14
2025-10,IN,P3M,2200.16,-0.0
2025-10,IN,P12M,5801.26,-27.05
2025-10,ROW,P1M,17813.93,-266.48
2025-10,ROW,P3M,9278.5,-53.28
2025-10,ROW,P12M,25972.54,-98.8
2025-11,US,P1M,99223.42,-1728.95
2025-11,US,P3M,44098.23,-419.35
2025-11,US,P12M,98621.74,-440.41
2025-11,GB,P1M,22691.36,-431.17
2025-11,GB,P3M,10474.76,-118.56
2025-11,GB,P12M,22942.59,-118.26
2025-11,DE,P1M,23728.64,-244.87
2025-11,DE,P3M,10211.32,-87.44
2025-11,DE,P12M,22195.13,-124.17
2025-11,FR,P1M,22008.0,-310.22
2025-11,FR,P3M,9541.95,-112.79
2025-11,FR,P12M,19286.33,-115.4
2025-11,CA,P1M,13395.73,-111.42
2025-11,CA,P3M,5764.51,-31.82
2025-11,CA,P12M,12740.65,-63.56
2025-11,AU,P1M,11242.87,-139.9
2025-11,AU,P3M,4711.24,-57.21
2025-11,AU,P12M,10424.53,-47.15
2025-11,NL,P1M,7337.74,-160.63
2025-11,NL,P3M,3310.11,-34.36
2025-11,NL,P12M,6806.1,-53.41
2025-11,CH,P1M,5206.3,-74.98
2025-11,CH,P3M,2202.02,-0.0
2025-11,CH,P12M,4926.3,-38.45
2025-11,SE,P1M,4321.28,-64.77
2025-11,SE,P3M,1812.25,-0.0
2025-11,SE,P12M,4135.23,-0.0
2025-11,ES,P1M,9329.23,-93.56
2025-11,ES,P3M,3994.3,-34.46
2025-11,ES,P12M,8705.91,-45.79
2025-11,IT,P1M,8868.33,-145.98
2025-11,IT,P3M,4226.98,-25.56
2025-11,IT,P12M,8426.46,-34.07
2025-11,PL,P1M,5811.56,-92.2
2025-11,PL,P3M,2606.75,-8.45
2025-11,PL,P12M,5567.79,-26.25
2025-11,JP,P1M,4794.75,-50.87
2025-11,JP,P3M,2045.94,-8.17
2025-11,JP,P12M,4658.95,-18.14
2025-11,BR,P1M,8340.7,-106.59
2025-11,BR,P3M,4061.29,-77.06
2025-11,BR,P12M,11175.8,-64.6
2025-11,MX,P1M,5596.0,-60.3
2025-11,MX,P3M,2764.22,-23.25
2025-11,MX,P12M,7671.22,-41.28
2025-11,IN,P1M,4398.55,-35.57
2025-11,IN,P3M,2449.87,-38.09
2025-11,IN,P12M,6259.19,-23.67
2025-11,ROW,P1M,20492.02,-293.12
2025-11,ROW,P3M,10110.85,-77.06
2025-11,ROW,P12M,28354.07,-98.8
2025-12,US,P1M,102219.39,-1834.54
2025-12,US,P3M,47155.07,-385.42
2025-12,US,P12M,105465.92,-470.53
2025-12,GB,P1M,23647.86,-450.57
2025-12,GB,P3M,10801.46,-79.86
2025-12,GB,P12M,24210.77,-128.52
2025-12,DE,P1M,25509.57,-508.13
2025-12,DE,P3M,10834.4,-87.78
2025-12,DE,P12M,23824.81,-62.82
2025-12,FR,P1M,24191.18,-462.94
2025-12,FR,P3M,10323.32,-69.73
2025-12,FR,P12M,21313.63,-116.41
2025-12,CA,P1M,13730.01,-235.23
2025-12,CA,P3M,6349.69,-63.65
2025-12,CA,P12M,13684.83,-63.56
2025-12,AU,P1M,11242.87,-89.03
2025-12,AU,P3M,4990.01,-32.69
2025-12,AU,P12M,11138.82,-47.15
2025-12,NL,P1M,7988.06,-107.97
2025-12,NL,P3M,3453.85,-26.1
2025-12,NL,P12M,7325.12,-23.17
2025-12,CH,P1M,5364.78,-90.93
2025-12,CH,P3M,2341.64,-9.74
2025-12,CH,P12M,5276.67,-34.47
2025-12,SE,P1M,4757.42,-78.47
2025-12,SE,P3M,2066.77,-33.47
2025-12,SE,P12M,4481.43,-29.81
2025-12,ES,P1M,9436.74,-202.74
2025-12,ES,P3M,4285.65,-17.18
2025-12,ES,P12M,9406.9,-69.21
2025-12,IT,P1M,9265.39,-147.37
2025-12,IT,P3M,4485.26,-8.63
2025-12,IT,P12M,9085.79,-45.86
2025-12,PL,P1M,6486.32,-145.83
2025-12,PL,P3M,2885.98,-59.69
2025-12,PL,P12M,6087.45,-33.99
2025-12,JP,P1M,5214.45,-89.03
2025-12,JP,P3M,2328.35,-8.17
2025-12,JP,P12M,5092.27,-14.51
2025-12,BR,P1M,8900.3,-173.21
2025-12,BR,P3M,4339.06,-0.0
2025-12,BR,P12M,11859.39,-30.4
2025-12,MX,P1M,5728.66,-156.78
2025-12,MX,P3M,3110.38,-31.0
2025-12,MX,P12M,8204.12,-27.52
2025-12,IN,P1M,4801.65,-94.85
2025-12,IN,P3M,2580.23,-7.62
2025-12,IN,P12M,6757.78,-30.43
2025-12,ROW,P1M,20811.79,-359.74
2025-12,ROW,P3M,10935.62,-94.18
2025-12,ROW,P12M,30370.93,-95.0
2026-01,US,P1M,106785.93,-1860.93
2026-01,US,P3M,49643.69,-434.42
2026-01,US,P12M,112560.39,-564.63
2026-01,GB,P1M,24730.78,-548.57
2026-01,GB,P3M,11402.0,-140.93
2026-01,GB,P12M,25685.78,-93.93
2026-01,DE,P1M,26978.08,-523.41
2026-01,DE,P3M,11279.64,-79.66
2026-01,DE,P12M,25680.43,-133.59
2026-01,FR,P1M,25537.21,-368.83
2026-01,FR,P3M,10946.92,-96.55
2026-01,FR,P12M,23314.72,-97.42
2026-01,CA,P1M,13878.58,-222.85
2026-01,CA,P3M,6634.31,-39.78
2026-01,CA,P12M,14602.55,-74.16
2026-01,AU,P1M,11688.01,-216.21
2026-01,AU,P3M,5160.72,-24.52
2026-01,AU,P12M,11893.03,-21.76
2026-01,NL,P1M,8835.02,-162.6
2026-01,NL,P3M,3483.93,-26.11
2026-01,NL,P12M,7928.84,-19.32
2026-01,CH,P1M,5490.71,-106.16
2026-01,CH,P3M,2432.87,-0.0
2026-01,CH,P12M,5858.55,-34.6
2026-01,SE,P1M,4918.88,-65.59
2026-01,SE,P3M,2159.88,-16.86
2026-01,SE,P12M,4811.6,-22.44
2026-01,ES,P1M,10312.04,-149.03
2026-01,ES,P3M,4653.89,-52.22
2026-01,ES,P12M,10027.67,-23.18
2026-01,IT,P1M,10133.44,-147.8
2026-01,IT,P3M,4872.26,-8.64
2026-01,IT,P12M,9891.98,-34.5
2026-01,PL,P1M,6558.51,-119.94
2026-01,PL,P3M,3145.27,-8.57
2026-01,PL,P12M,6603.61,-41.8
2026-01,JP,P1M,5506.97,-127.18
2026-01,JP,P3M,2396.45,-16.35
2026-01,JP,P12M,5554.64,-14.51
2026-01,BR,P1M,8540.56,-79.94
2026-01,BR,P3M,4540.73,-68.5
2026-01,BR,P12M,12620.9,-76.0
2026-01,MX,P1M,6404.04,-108.54
2026-01,MX,P3M,3322.21,-38.75
2026-01,MX,P12M,8866.04,-27.52
2026-01,IN,P1M,5311.46,-71.14
2026-01,IN,P3M,2559.06,-22.86
2026-01,IN,P12M,7396.71,-23.67
2026-01,ROW,P1M,21411.36,-346.42
2026-01,ROW,P3M,11876.46,-147.46
2026-01,ROW,P12M,32304.15,-106.4
2026-02,US,P1M,112606.3,-1966.52
2026-02,US,P3M,50939.3,-322.28
2026-02,US,P12M,120106.11,-549.58
2026-02,GB,P1M,25282.35,-362.18
2026-02,GB,P3M,11551.52,-60.68
2026-02,GB,P12M,27268.69,-121.3
2026-02,DE,P1M,29021.14,-484.88
2026-02,DE,P3M,11774.43,-71.19
2026-02,DE,P12M,27580.82,-90.84
2026-02,FR,P1M,27307.31,-302.0
2026-02,FR,P3M,11803.75,-81.28
2026-02,FR,P12M,25645.95,-105.81
2026-02,CA,P1M,14968.06,-210.47
2026-02,CA,P3M,6845.57,-63.65
2026-02,CA,P12M,15671.96,-60.03
2026-02,AU,P1M,12769.05,-152.62
2026-02,AU,P3M,5376.83,-40.86
2026-02,AU,P12M,12806.83,-39.9
2026-02,NL,P1M,8649.75,-108.96
2026-02,NL,P3M,3742.24,-0.0
2026-02,NL,P12M,8646.42,-54.42
2026-02,CH,P1M,5680.9,-76.25
2026-02,CH,P3M,2661.16,-0.0
2026-02,CH,P12M,6319.43,-17.42
2026-02,SE,P1M,5097.73,-65.94
2026-02,SE,P3M,2125.67,-0.0
2026-02,SE,P12M,5118.85,-33.85
2026-02,ES,P1M,10477.93,-231.47
2026-02,ES,P3M,4913.11,-34.95
2026-02,ES,P12M,10827.97,-54.37
2026-02,IT,P1M,10419.11,-216.13
2026-02,IT,P3M,5030.11,-97.22
2026-02,IT,P12M,10677.73,-77.03
2026-02,PL,P1M,6724.07,-174.29
2026-02,PL,P3M,3299.22,-34.38
2026-02,PL,P12M,7119.61,-7.66
2026-02,JP,P1M,5557.85,-127.18
2026-02,JP,P3M,2492.7,-40.86
2026-02,JP,P12M,5980.72,-25.39
2026-02,BR,P1M,9046.87,-159.89
2026-02,BR,P3M,4872.73,-34.25
2026-02,BR,P12M,13477.36,-57.0
2026-02,MX,P1M,6428.16,-48.24
2026-02,MX,P3M,3441.03,-7.75
2026-02,MX,P12M,9627.67,-37.84
2026-02,IN,P1M,5465.58,-47.42
2026-02,IN,P3M,2626.77,-7.62
2026-02,IN,P12M,7956.18,-27.05
2026-02,ROW,P1M,22423.97,-399.71
2026-02,ROW,P3M,12307.38,-77.06
2026-02,ROW,P12M,34185.94,-106.4
2026-03,US,P1M,117779.96,-1940.12
2026-03,US,P3M,52753.25,-313.8
2026-03,US,P12M,126167.13,-436.66
2026-03,GB,P1M,25929.05,-531.21
2026-03,GB,P3M,12012.9,-80.25
2026-03,GB,P12M,28701.16,-75.69
2026-03,DE,P1M,29398.09,-493.69
2026-03,DE,P3M,12193.79,-125.43
2026-03,DE,P12M,29344.51,-152.26
2026-03,FR,P1M,28882.17,-488.74
2026-03,FR,P3M,12440.22,-140.09
2026-03,FR,P12M,27483.88,-104.68
2026-03,CA,P1M,15475.66,-222.85
2026-03,CA,P3M,7096.61,-39.78
2026-03,CA,P12M,16545.5,-67.1
2026-03,AU,P1M,13455.84,-241.65
2026-03,AU,P3M,5528.46,-57.21
2026-03,AU,P12M,13638.98,-50.78
2026-03,NL,P1M,9122.38,-121.33
2026-03,NL,P3M,3932.99,-25.9
2026-03,NL,P12M,9200.89,-38.55
2026-03,CH,P1M,5879.97,-181.39
2026-03,CH,P3M,2971.15,-19.33
2026-03,CH,P12M,6632.91,-8.58
2026-03,SE,P1M,5098.0,-78.23
2026-03,SE,P3M,2140.06,-8.36
2026-03,SE,P12M,5466.11,-29.9
2026-03,ES,P1M,11057.03,-215.58
2026-03,ES,P3M,5114.2,-43.17
2026-03,ES,P12M,11517.27,-46.1
2026-03,IT,P1M,10873.12,-147.4
2026-03,IT,P3M,5116.68,-25.69
2026-03,IT,P12M,11301.8,-19.0
2026-03,PL,P1M,7136.95,-145.79
2026-03,PL,P3M,3312.39,-16.99
2026-03,PL,P12M,7614.54,-18.85
2026-03,JP,P1M,5837.65,-50.87
2026-03,JP,P3M,2556.26,-0.0
2026-03,JP,P12M,6323.38,-14.51
2026-03,BR,P1M,10032.83,-79.94
2026-03,BR,P3M,4985.93,-8.56
2026-03,BR,P12M,14267.38,-34.2
2026-03,MX,P1M,6934.7,-96.48
2026-03,MX,P3M,3415.2,-31.0
2026-03,MX,P12M,10158.88,-27.52
2026-03,IN,P1M,5785.69,-94.85
2026-03,IN,P3M,2875.64,-22.86
2026-03,IN,P12M,8387.13,-16.91
2026-03,ROW,P1M,23236.72,-279.8
2026-03,ROW,P3M,12710.72,-59.93
2026-03,ROW,P12M,36020.47,-49.4
2026-04,US,P1M,121501.83,-1676.16
2026-04,US,P3M,54551.19,-582.38
2026-04,US,P12M,132878.35,-463.0
2026-04,GB,P1M,27062.07,-450.56
2026-04,GB,P3M,12237.8,-102.31
2026-04,GB,P12M,29989.22,-66.44
2026-04,DE,P1M,30297.04,-407.11
2026-04,DE,P3M,12755.2,-130.76
2026-04,DE,P12M,30799.42,-96.85
2026-04,FR,P1M,30205.59,-430.55
2026-04,FR,P3M,13098.28,-51.74
2026-04,FR,P12M,29484.15,-145.96
2026-04,CA,P1M,16206.12,-222.85
2026-04,CA,P3M,7431.63,-31.82
2026-04,CA,P12M,17302.54,-88.27
2026-04,AU,P1M,14142.62,-305.24
2026-04,AU,P3M,5790.89,-49.04
2026-04,AU,P12M,14469.38,-43.53
2026-04,NL,P1M,9275.57,-53.36
2026-04,NL,P3M,4132.36,-8.55
2026-04,NL,P12M,9728.68,-30.44
2026-04,CH,P1M,6137.12,-59.87
2026-04,CH,P3M,3009.2,-0.0
2026-04,CH,P12M,7018.13,-16.99
2026-04,SE,P1M,5062.62,-51.65
2026-04,SE,P3M,2117.52,-8.28
2026-04,SE,P12M,5802.4,-18.37
2026-04,ES,P1M,11497.98,-173.26
2026-04,ES,P3M,5085.55,-8.55
2026-04,ES,P12M,12330.57,-87.51
2026-04,IT,P1M,10691.0,-237.83
2026-04,IT,P3M,5423.55,-8.48
2026-04,IT,P12M,11940.22,-56.58
2026-04,PL,P1M,7134.84,-183.78
2026-04,PL,P3M,3314.65,-0.0
2026-04,PL,P12M,8075.28,-22.4
2026-04,JP,P1M,5977.55,-63.59
2026-04,JP,P3M,2538.1,-0.0
2026-04,JP,P12M,6662.44,-21.76
2026-04,BR,P1M,10672.37,-133.24
2026-04,BR,P3M,5262.76,-59.93
2026-04,BR,P12M,15213.32,-45.6
2026-04,MX,P1M,7284.45,-132.66
2026-04,MX,P3M,3697.64,-0.0
2026-04,MX,P12M,10848.37,-44.72
2026-04,IN,P1M,6283.64,-165.98
2026-04,IN,P3M,3061.87,-30.47
2026-04,IN,P12M,8897.51,-27.05
2026-04,ROW,P1M,23489.88,-426.36
2026-04,ROW,P3M,13214.91,-34.25
2026-04,ROW,P12M,37828.56,-83.6
2026-05,US,P1M,125949.59,-1702.56
2026-05,US,P3M,55335.14,-347.73
2026-05,US,P12M,139122.92,-421.59
2026-05,GB,P1M,27229.44,-343.06
2026-05,GB,P3M,12235.81,-82.39
2026-05,GB,P12M,31080.26,-106.71
2026-05,DE,P1M,31760.99,-584.57
2026-05,DE,P3M,12883.25,-78.73
2026-05,DE,P12M,32571.61,-96.93
2026-05,FR,P1M,32009.33,-701.2
2026-05,FR,P3M,13265.66,-112.57
2026-05,FR,P12M,31286.99,-111.43
2026-05,CA,P1M,17010.85,-284.75
2026-05,CA,P3M,7441.34,-71.6
2026-05,CA,P12M,18033.14,-38.84
2026-05,AU,P1M,14638.63,-228.93
2026-05,AU,P3M,5965.24,-34.51
2026-05,AU,P12M,15207.37,-54.41
2026-05,NL,P1M,9532.81,-133.56
2026-05,NL,P3M,4029.03,-17.21
2026-05,NL,P12M,10159.73,-22.87
2026-05,CH,P1M,6324.31,-119.71
2026-05,CH,P3M,3089.49,-19.26
2026-05,CH,P12M,7361.78,-38.36
2026-05,SE,P1M,5482.22,-116.64
2026-05,SE,P3M,2281.27,-16.66
2026-05,SE,P12M,6101.74,-25.83
2026-05,ES,P1M,11835.68,-147.2
2026-05,ES,P3M,5228.39,-25.81
2026-05,ES,P12M,13032.18,-61.0
2026-05,IT,P1M,11167.67,-252.06
2026-05,IT,P3M,5379.59,-76.59
2026-05,IT,P12M,12390.04,-34.04
2026-05,PL,P1M,7520.68,-92.2
2026-05,PL,P3M,3390.21,-8.46
2026-05,PL,P12M,8442.99,-37.52
2026-05,JP,P1M,6651.61,-114.46
2026-05,JP,P3M,2594.4,-49.04
2026-05,JP,P12M,6952.51,-18.14
2026-05,BR,P1M,11338.56,-146.56
2026-05,BR,P3M,5212.33,-68.5
2026-05,BR,P12M,16016.77,-53.2
2026-05,MX,P1M,8020.13,-180.91
2026-05,MX,P3M,3912.05,-62.0
2026-05,MX,P12M,11310.84,-48.16
2026-05,IN,P1M,6568.19,-82.99
2026-05,IN,P3M,3051.71,-0.0
2026-05,IN,P12M,9414.69,-33.81
2026-05,ROW,P1M,24102.77,-266.48
2026-05,ROW,P3M,13217.75,-77.06
2026-05,ROW,P12M,39553.15,-136.82
2026-06,US,P1M,132535.45,-2177.69
2026-06,US,P3M,56889.03,-449.5
2026-06,US,P12M,145252.52,-421.61
2026-06,GB,P1M,28664.95,-658.84
2026-06,GB,P3M,12604.87,-80.55
2026-06,GB,P12M,32359.79,-94.02
2026-06,DE,P1M,33968.05,-424.1
2026-06,DE,P3M,13367.16,-70.23
2026-06,DE,P12M,34097.74,-124.77
2026-06,FR,P1M,33331.55,-489.09
2026-06,FR,P3M,13693.74,-96.09
2026-06,FR,P12M,33376.62,-174.09
2026-06,CA,P1M,17332.74,-235.23
2026-06,CA,P3M,7532.38,-71.6
2026-06,CA,P12M,19035.91,-98.88
2026-06,AU,P1M,14956.58,-228.93
2026-06,AU,P3M,6328.46,-57.21
2026-06,AU,P12M,15887.46,-43.53
2026-06,NL,P1M,9989.62,-175.16
2026-06,NL,P3M,4115.46,-8.66
2026-06,NL,P12M,10845.81,-11.53
2026-06,CH,P1M,6971.6,-150.38
2026-06,CH,P3M,3060.84,-19.26
2026-06,CH,P12M,7701.83,-21.52
2026-06,SE,P1M,5898.54,-130.5
2026-06,SE,P3M,2372.62,-16.77
2026-06,SE,P12M,6312.05,-11.17
2026-06,ES,P1M,12591.51,-148.02
2026-06,ES,P3M,5281.09,-8.66
2026-06,ES,P12M,13628.41,-57.62
2026-06,IT,P1M,12140.66,-267.32
2026-06,IT,P3M,5512.24,-17.18
2026-06,IT,P12M,12988.63,-53.28
2026-06,PL,P1M,7930.71,-119.27
2026-06,PL,P3M,3537.0,-17.04
2026-06,PL,P12M,8916.85,-45.39
2026-06,JP,P1M,6638.89,-139.9
2026-06,JP,P3M,2641.62,-16.35
2026-06,JP,P12M,7269.88,-14.51
2026-06,BR,P1M,12511.06,-213.18
2026-06,BR,P3M,5422.57,-34.25
2026-06,BR,P12M,16816.62,-45.6
2026-06,MX,P1M,8550.78,-120.6
2026-06,MX,P3M,3972.33,-46.5
2026-06,MX,P12M,11991.88,-24.08
2026-06,IN,P1M,6876.44,-118.56
2026-06,IN,P3M,3257.42,-7.62
2026-06,IN,P12M,9747.72,-27.06
2026-06,ROW,P1M,25635.01,-266.48
2026-06,ROW,P3M,13658.21,-85.62
2026-06,ROW,P12M,41276.36,-87.4
2026-07,US,P1M,142671.6,-2256.88
2026-07,US,P3M,60018.52,-373.17
2026-07,US,P12M,153625.43,-557.09
2026-07,GB,P1M,31097.21,-378.5
2026-07,GB,P3M,13234.91,-40.57
2026-07,GB,P12M,33667.15,-103.43
2026-07,DE,P1M,37168.51,-647.84
2026-07,DE,P3M,14336.28,-115.06
2026-07,DE,P12M,35967.99,-184.74
2026-07,FR,P1M,36119.69,-628.85
2026-07,FR,P3M,15202.58,-87.83
2026-07,FR,P12M,35786.03,-140.53
2026-07,CA,P1M,18669.84,-334.27
2026-07,CA,P3M,7965.52,-15.91
2026-07,CA,P12M,20146.36,-74.15
2026-07,AU,P1M,15923.16,-178.05
2026-07,AU,P3M,6645.37,-24.52
2026-07,AU,P12M,16895.8,-65.29
2026-07,NL,P1M,10628.26,-108.5
2026-07,NL,P3M,4261.13,-34.89
2026-07,NL,P12M,11619.97,-38.66
2026-07,CH,P1M,7444.85,-182.22
2026-07,CH,P3M,3378.19,-9.76
2026-07,CH,P12M,8208.86,-26.0
2026-07,SE,P1M,6254.36,-65.7
2026-07,SE,P3M,2570.01,-8.44
2026-07,SE,P12M,6722.66,-7.49
2026-07,ES,P1M,13831.67,-216.72
2026-07,ES,P3M,5677.52,-26.17
2026-07,ES,P12M,14600.52,-58.07
2026-07,IT,P1M,13274.03,-188.38
2026-07,IT,P3M,5790.53,-34.6
2026-07,IT,P12M,13735.84,-57.59
2026-07,PL,P1M,8679.49,-200.02
2026-07,PL,P3M,3736.1,-17.16
2026-07,PL,P12M,9508.09,-41.84
2026-07,JP,P1M,7160.34,-127.18
2026-07,JP,P3M,2926.75,-40.86
2026-07,JP,P12M,7741.41,-14.51
2026-07,BR,P1M,13004.04,-146.56
2026-07,BR,P3M,5719.38,-42.81
2026-07,BR,P12M,18087.68,-91.2
2026-07,MX,P1M,8562.84,-120.6
2026-07,MX,P3M,4125.6,-15.5
2026-07,MX,P12M,12690.1,-20.64
2026-07,IN,P1M,7445.53,-59.28
2026-07,IN,P3M,3415.71,-7.62
2026-07,IN,P12M,10330.99,-23.67
2026-07,ROW,P1M,26980.71,-373.07
2026-07,ROW,P3M,14155.74,-85.62
2026-07,ROW,P12M,43584.74,-125.4
2026-08,US,P1M,155486.97,-2230.48
2026-08,US,P3M,63279.0,-358.09
2026-08,US,P12M,163967.05,-481.81
2026-08,GB,P1M,33507.8,-377.92
2026-08,GB,P3M,14005.1,-70.86
2026-08,GB,P12M,35737.18,-103.29
2026-08,DE,P1M,39896.27,-660.38
2026-08,DE,P3M,15178.07,-79.63
2026-08,DE,P12M,38410.97,-113.74
2026-08,FR,P1M,38827.86,-586.44
2026-08,FR,P3M,16247.52,-105.32
2026-08,FR,P12M,38903.34,-143.92
2026-08,CA,P1M,19945.04,-284.75
2026-08,CA,P3M,8769.93,-63.65
2026-08,CA,P12M,21500.45,-63.56
2026-08,AU,P1M,17042.36,-279.8
2026-08,AU,P3M,7434.49,-65.38
2026-08,AU,P12M,18049.23,-72.55
2026-08,NL,P1M,11177.7,-189.4
2026-08,NL,P3M,4636.49,-8.69
2026-08,NL,P12M,12381.8,-50.11
2026-08,CH,P1M,8018.3,-151.29
2026-08,CH,P3M,3787.57,-9.72
2026-08,CH,P12M,8810.13,-17.26
2026-08,SE,P1M,6973.48,-143.92
2026-08,SE,P3M,2777.06,-42.04
2026-08,SE,P12M,7158.59,-7.46
2026-08,ES,P1M,15300.07,-162.31
2026-08,ES,P3M,6169.78,-43.5
2026-08,ES,P12M,15530.29,-30.84
2026-08,IT,P1M,14531.21,-321.78
2026-08,IT,P3M,6207.32,-62.3
2026-08,IT,P12M,14673.11,-65.06
2026-08,PL,P1M,9200.96,-239.56
2026-08,PL,P3M,3888.96,-8.54
2026-08,PL,P12M,10175.34,-45.57
2026-08,JP,P1M,7808.96,-63.59
2026-08,JP,P3M,3326.31,-49.04
2026-08,JP,P12M,8319.95,-58.04
2026-08,BR,P1M,13616.93,-239.83
2026-08,BR,P3M,6281.61,-25.69
2026-08,BR,P12M,19449.93,-60.8
2026-08,MX,P1M,9238.22,-180.91
2026-08,MX,P3M,4232.38,-31.0
2026-08,MX,P12M,13476.03,-24.08
2026-08,IN,P1M,8204.31,-23.71
2026-08,IN,P3M,3786.48,-62.64
2026-08,IN,P12M,11193.19,-43.96
2026-08,ROW,P1M,29272.41,-492.98
2026-08,ROW,P3M,15034.76,-68.5
2026-08,ROW,P12M,46100.25,-155.8
